Sequence,Name,Phase,Rep 1 A260 nm (a.u.) (control subtracted),Rep 2 A260 nm (a.u.) (control subtracted),Rep 3 A260 nm (a.u.) (control subtracted),Average Absorbance (control subtracted),SD of Mean (control subtracted),SE (control subtracted),Scaled Rep 1 A260 nm (a.u.) (control subtracted),Scaled Rep 2 A260 nm (a.u.) (control subtracted),Scaled Rep 3 A260 nm (a.u.) (control subtracted),Scaled Average Absorbance  (control subtracted),Scaled SD of Mean  (control subtracted),Scaled SE  (control subtracted),Bradford Absorbance
MAENPYERGPDPTEASIEASRGPFAIAQVSVPSGSGSGFGGGTIYYPTDTSQGTFGAVAISPGFTATEASIAWLGPRLASQGFVVITIDTNSRYDQPDARADQLLAALDYLTQRSSVRSRIDPNRLAVMGHSMGGGGTLEAAENRPSLKAAIPLAPWNTDKNWSSVRVPTMIIGAENDTIAPVGSHAEPFYNSLPASPEKAYLELNGADHFAPTSSNTTIAKYSISWLKRFVDDDTRYDQFLCPAPSPDSAISEYRDTCPH,1_426,II - ASR,-0.001,-0.003,-0.003,-0.002333333,0.001154701,0.000666667,-0.001263535,-0.003,-0.001977725,-0.00208042,0.000872776,0.000503897,0.374
MAENPYERGPDPTEASIEASRGPFAIAQVTVPSGSGSGFGGGTIYYPTDTSQGTFGAVAISPGFTATEASIAWLGPRLASQGFVVITIDTNSRYDFPDARADQLLAALDYLTQKSPVRSRIDPNRLAVMGHSMGGGGTLEAAEKRPSLKAAIPLAPWNTDKNFSSVRVPTMIIGAQNDTIAPVGSHAEPFYNSLPASPEKAYLELKGADHFAPTSPNTTIAKYSISWLKRFVDNDTRYDQFLCPAPSSDSAISAYRNTCPL,1_427,II - ASR,0,-0.001,0.001,0,0.001,0.00057735,0,-0.001,0.000659242,-0.000113586,0.000835432,0.000482337,0.349
MAANPYERGPDPTESSLEASSGPFSVSQTSVSRLSVSGFGGGTIYYPTSTSSGTYGAVAISPGYTATQSSIAWLGPRLASHGFVVITIDTNSTFDQPDSRADQLMAALNYLVNRSSVRSRIDSSRLAVMGHSMGGGGTLRAAEDRPSLKAAIPLTPWHTDKNWSSVTVPTLIIGAENDTIAPVSSHAKPFYNSLPSSTSKAYLELNGASHFAPNSSNTTIGKYSISWLKRFVDNDTRYSQFLCPAPHDDSAISEYRSTCPY,1_533,II - ASR,0.184,0.247,0.678,0.369666667,0.268876056,0.155235663,0.232490386,0.247,0.446965857,0.308818748,0.119858667,0.069200434,0.382
MQANPYQRGPDPTESSLEASSGPFSVSTTSVSRLSVSGFGGGTIYYPTSTSSGTYGAVAISPGYTATQSSIAWLGPRLASHGFVVITIDTNSTFDQPDSRATQLMAALNYLVNSSSVRSRIDSSRLAVMGHSMGGGGTLRAAEDNPSLKAAIPLTPWHTDKNFSSVTVPTLIIGAENDTIAPVSSHAKPFYNSLPSSTSKAYVELNGASHFAPNSSNTTIGKYSVSWMKRFVDNDTRYSQFLCGAPHDDSAISEYRSNCPY,1_534,II - ASR,0.011,0.018,0.041,0.023333333,0.01569501,0.009061518,0.013898882,0.018,0.027028909,0.019642597,0.006717365,0.003878273,0.373
MAENPYERGPDPTEASIEASRGPFAISQVSVPSGSGSGFGGGTIYYPTDTSQGTFGAVAISPGFTATEASIAWLGPRLASQGFVVITIDTNSRYDQPDARADQLLAALDYLTQKSSVRSRIDPNRLAVMGHSMGGGGTLEAAENRPSLKAAIPLAPWNTNKNWSSVRVPTMIIGAQNDTIAPVGSHAEPFYNSLPASPEKAYLELKGADHFAPTSPNTTIAKYSISWLKRFVDDDTRYDQFLCPAPSSDSAISEYRDTCPH,10_435,II - ASR,0.002,0.001,0.001,0.001333333,0.00057735,0.000333333,0.002527069,0.001,0.000659242,0.001395437,0.000994723,0.000574303,0.365
MAANPYERGPDPTESSLEASSGPFSVSETSVSRLSVSGFGGGTIYYPTSTSSGTYGAVAISPGYTATQSSIAWLGPRLASHGFVVITIDTNSTFDQPDSRARQLMAALDYLVNSSSVRSRIDSSRLAVMGHSMGGGGTLRAAEDRPSLKAAIPLTPWHTNKNWSSVRVPTLIIGAENDTVAPVSSHAKPFYNSLPSSTPKAYLELNGASHFAPNSSNTTIGKYSVAWLKRFVDNDTRYSQFLCPAPHDDSAISEYRSTCPY,10_543,II - ASR,-0.003,-0.003,-0.003,-0.003,5.31E-19,3.07E-19,-0.003790604,-0.003,-0.001977725,-0.002922776,0.000908903,0.000524756,0.353
MQANPYQRGPDPTSSSLEASSGPFSVSTTSVSRLSVSGFGGGTIYYPTTTSSGTYGAVAISPGYTATQSSIAWLGPRLASHGFVVITIDTNSTFDQPDSRATQLMAALNYVVNSSPVRSRVDSSRLAVMGHSMGGGGTLRAAEDNPSLKAAIPLTPWHTNKNFSSVRVPTLIIGAENDTVAPVSSHAKPFYNSLPSSTPKAYLELNGASHFAPNSSNTTIGKYSVAWMKRFVDNDTRYSPFLCGAPHDDSAISEYRSTCPY,10_544,II - ASR,0.142,0.204,0.373,0.239666667,0.119558912,0.06902737,0.179421929,0.204,0.245897145,0.209773025,0.033611523,0.019405622,0.374
MAENPYERGPAPTESSIEATRGPFAVSQTSVSSLSVSGFGGGTIYYPTSTSEGTFGAVAISPGYTASQSSIAWLGPRLASQGFVVFTIDTNTRYDQPASRGDQLLAALDYLTQRSSVRSRIDASRLGVMGHSMGGGGTLEAAKDRPSLQAAIPLTGWNLDKNWSEVRVPTLVIGAENDTIAPVSSHSEPFYNSLPSSLDKAYLELNGASHFAPNSSNTTIAKYSISWLKRFIDNDTRYEQFLCPAPRPGSTIEEYRDTCPH,15_421,II - ASR,-0.001,-0.002,-0.001,-0.001333333,0.00057735,0.000333333,-0.001263535,-0.002,-0.000659242,-0.001307592,0.000671464,0.00038767,0.358
MADNPYERGPDPTRSSIEATNGPFSVSTTSVSSLSVSGFGGGTIYYPTSTSEGTFGAVAISPGYTASQSSIAWLGRRLASHGFVVITIDTNSRYDQPASRGDQLLAALDYLTQRSSVRSRIDPSRLAVAGHSMGGGGTLEAAKDRPSLKAAVPLTPWNTDKTWSEVRVPTLIIGAENDTIAPVSSHSIPFYNSLPSSTEKAYLELNGASHFAPNSSNTTIGKYSISWLKRFVDNDTRYSQFLCPAPSPSSALSDYRDTCPH,15_561,II - ASR,0.004,-0.001,0.001,0.001333333,0.002516611,0.001452966,0.005054139,-0.001,0.000659242,0.001571127,0.003128386,0.001806175,0.366
MQDNPYQRGPDPTRSSLEATNGPFSVSTTSVSSLSVSGFGGGTIYYPTSTSSGTFGAVAISPGYTASQSSIAWLGRRLASHGFVVITIDTNSRFDQPASRASQLMAALNYLTQSSSVRSRIDASRLAVAGHSMGGGGTLEAAKDNPSLKAAVPLTPWNTDKTFSSVRVPTLIIGAENDTIAPVSSHAIPFYNSLPSSTPKAYVELNGASHFAPNSSNTPIGKYSISWMKRFVDNDTRYSQFLCGAPHQSSALSDYRDNCPH,15_562,II - ASR,0.01,0.009,0.003,0.007333333,0.003785939,0.002185813,0.012635347,0.009,0.001977725,0.007871024,0.005417764,0.003127948,0.376
MADNPYERGPAPTESSIEASRGPFAVSQTSVSSLSVSGFGGGTIYYPTSTSEGTFGAVAISPGYTATQSSIAWLGPRLASQGFVVFTIDTNTRYDQPDSRGRQLLAALDYLTQRSSVRSRIDPSRLGVMGHSMGGGGTLEAAKDRPSLQAAIPLTPWNLDKNWSSVRVPTLIIGAENDTIAPVASHSEPFYNSLPSSLDKAYLELNGASHFAPNSSNTTIAKYSISWLKRFIDNDTRYEQFLCPAPSRDSTISEYRDTCPH,20_418,II - ASR,0.023,0.02,0.014,0.019,0.004582576,0.002645751,0.029061298,0.02,0.009229383,0.019430227,0.009928227,0.005732065,0.359
MADNPYERGPDPTESSIEASRGPFAVSQTSVSRLSVSGFGGGTIYYPTSTSEGTFGAVAISPGYTATQSSIAWLGPRLASQGFVVFTIDTNTRYDQPDSRGDQLLAALDYLTQRSSVRSRIDPSRLAVMGHSMGGGGTLEAAKDRPSLKAAIPLTPWNTDKNWSSVTVPTLIIGAENDTIAPVSSHSKPFYNSLPSSPEKAYLELNGASHFAPNSSNTTIAKYSIAWLKRFVDNDTRYSQFLCPAPSADSAISEYRDTCPY,20_594,II - ASR,0.013,0.006,0.006,0.008333333,0.004041452,0.002333333,0.016425951,0.006,0.00395545,0.0087938,0.006688224,0.003861448,0.351
MAANPYERGPDPTESSLEASSGPFSVSTTSVSRLSVSGFGGGTIYYPTSTSEGTYGAVAISPGYTATQSSIAWLGRRLASHGFVVITIDTNTTFDQPDSRADQLMAALNYLVNRSSVRSRIDSSRLAVMGHSMGGGGTLRAAKDRPSLKAAIPLTPWHTDKNWSSVTVPTLIIGAENDTIAPVSSHAKPFYNSLPSSTSKAYLELNGASHFAPNSSNTTIGKYSVAWLKRFVDNDTRYSQFLCPAPHDGSAISEYRDTCPY,20_596,II - ASR,0.165,0.136,0.165,0.155333333,0.016743158,0.009666667,0.208483227,0.136,0.108774877,0.151086034,0.051537657,0.02975528,0.495
MAANPYERGPDPTEASLEASSGPFSVSETSVSRLSASGFGGGTIYYPTTTSEGTYGAVAISPGYTATQSSIAWLGPRLASHGFVVITIDTNSTFDQPDSRADQLMAALNYLVNRSSVRSRIDSSRLAVMGHSMGGGGTLQAAEDRPSLKAAIPLTPWHTNKNWSSVRVPTLIIGAENDTIAPVSSHAKPFYNSLPSSTSKAYLELNGASHFAPNSSNTTIGKYSVSWLKRFVDNDTRYSQFLCPAPHDDSAISEYRSTCPY,25_551,II - ASR,0.26,0.243,0.244,0.249,0.009539392,0.005507571,0.328519024,0.243,0.160854969,0.244124664,0.083837685,0.04840371,0.369
MQANPYQRGPDPTSASLEASSGPFSVSTTSVSRLSASGFGGGTIYYPTTTSSGTYGAVAISPGYTATQSSIAWLGPRLASHGFVVITIDTNSTFDQPDSRATQLMAALNYVVNSSTVRSRVDSSRLAVMGHSMGGGGTLQAAEDNPSLKAAIPLTPWHTNKNFSSVRVPTLIIGAENDTIAPVSSHAKPFYNSLPSSTSKAYVELNGASHFAPNSSNTTIGKYSVSWMKRFVDNDTRYSPFLCGAPHDDSAISEYRSTCPY,25_552,II - ASR,0.079,0.106,0.085,0.09,0.014177447,0.008185353,0.099819242,0.106,0.056035543,0.087284928,0.02723864,0.015726236,0.353
MAENPYERGPDPTESSIEASRGPFAVSQTSVSSLSVSGFGGGTIYYPTSTSEGTFGAVAISPGYTATQSSIAWLGPRLASQGFVVFTIDTNTRYDQPASRGRQLLAALDYLTQRSSVRSRIDPSRLAVAGHSMGGGGTLEAAEDRPSLQAAIPLAPWNLDKNWSSVRVPTLIIGGESDTVAPVSSHSEPFYNSLPSSPDKAYLELNNASHFFPNTSNTTMAKYMISWLKRFVDNDTRYEQFLCPAPSRDSTISEYRDTCPH,30_595,II - ASR,0.087,0.058,0.056,0.067,0.017349352,0.010016653,0.10992752,0.058,0.036917534,0.068281684,0.037575248,0.02169408,0.791
ADNPYERGPDPTESSIEASRGPFAVSQTSVSRLSVSGFGGGTIYYPTSTSEGTFGAVAISPGYTATQSSIAWLGPRLASQGFVVFTIDTNTRYDQPDSRGRQLLAALDYLTQRSSVRSRIDPSRLAVMGHSMGGGGTLEAAEDRPSLKAAIPLTPWHTDKNWSSVRTPTLIIGAENDTVAPVSSHAKPFYNSLPSSPEKAYLELNGASHFAPNSSNTTIAKYSIAWLKRFVDDDTRYDQFLCPAPSTDSAISEYRSTCPY,35_434,V - Alternate Reconstructions,0.025,0.064,0.059,0.049333333,0.021221059,0.012251984,0.031588368,0.064,0.038895259,0.044827876,0.017000748,0.009815386,0.393
ADNPYERGPDPTESSIEASRGPFAVSQTSVSRLSVSGFGGGTIYYPTTTSEGTFGAVAISPGYTATQSSIAWLGPRLASQGFVVFTIDTNTTYDQPDSRARQLLAALDYLTQRSSVRSRIDPSRLAVMGHSMGGGGTLRAAEDNPSLKAAIPLTPWHTDKNWSSVRTPTLIIGAENDTVAPVSSHAKPFYNSLPSSPPKAYLELNGASHFAPNSSNTTIAKYSIAWLKRFVDDDTRYDQFLCPAPSTDSAISEYRSTCPY,35_435,V - Alternate Reconstructions,0.159,0.128,0.108,0.131666667,0.025696952,0.014836142,0.200902019,0.128,0.071198101,0.133366707,0.065018287,0.037538326,0.416
MAANPYERGPDPTESSLEASSGPFSVSETSVSRLSASGFGGGTIYYPTTTSEGTYGAVAISPGYTATQSSIAWLGPRLASHGFVVITIDTNTTFDQPDSRARQLMAALNYLVNRSSVRSRIDSSRLAVMGHSMGGGGTLRAAEDNPSLKAAIPLTPWHTNKNWSSVRVPTLIIGAENDTIAPVSSHAKPFYNSLPSSTPKAYLELNGASHFAPNSSNTTIGKYSIAWLKRFVDNDTRYSQFLCPAPHDDSAISEYRSTCPY,35_442,II - ASR,0.217,0.36,0.719,0.432,0.258629078,0.149319568,0.274187032,0.36,0.473994765,0.369393932,0.10023456,0.05787045,0.373
QANPYQRGPDPTEASLEASSGPFSVSTTSVSRLSASGFGGGTIYYPTTTSSGTYGAVAISPGYTATQSSIAWLGRRLASHGFVVITIDTNSTFDQPDSRATQLMAALNYLVNSSTVRSRIDSSRLAVMGHSMGGGGTLRAAEDNPSLKAAIPLTPWHTNKNFSSVRVPTLIIGAENDTIAPVSSHAKPFYNSLPSSTPKAYLELNGASHFAPNSSNTPIGKYSIAWMKRFVDNDTRYSQFLCGAPHDDSAISEYRSNCPY,35_443,V - Alternate Reconstructions,0.143,0.135,0.121,0.133,0.011135529,0.006429101,0.180685463,0.135,0.079768243,0.131817902,0.050533807,0.029175707,0.4
MSDCGYERGPDPTEAYLEASSGPYTVSTINVSSLSVSGFGGGTIHYPTNTGTGKMAGIVVIPGYLSYESSIEWWGPRLASHGFVVMTIDTNTIYDQPSSRRDQIEAALDYLVDQSPISGMVDSNRLGAVGWSMGGGGTLQLASDNDGIKAAIPLAPWNSSFNFNSIETPTLIFACENDTIAPVRLHASPFYNAIPSSTDKAFFEINGGNHYCANGGDALLGKYGVSWMKLHLDQDQRYAQFLCPNHEQDRRISEYRGTCPY,35_486,II - ASR,0,-0.002,0.001,-0.000333333,0.001527525,0.000881917,0,-0.002,0.000659242,-0.000446919,0.001384808,0.00079952,0.35
QSNPYQRGPNPTRSALTASDGPFSVATYTVSRLSVSGFGGGVIYYPTGTSSLTFGGIAMSPGYTADASSLAWLGRRLASHGFVVIVINTNSRFDYPDSRASQLSAALNYLRTSSAVRARLDANRLAVAGHSMGGGGTLRIAEQNPSLKAAVPLTPWHTDKTFSNTSVPVLIVGAEADTVAPVSQHAIPFYQNLPSTTPKVYVELDNASHFAPNSNNAAISVYTISWMKLWVDNDTRYRQFLCNVPNDGPALSDFRTNNRH,35_527,V - Alternate Reconstructions,0.059,0.052,0.054,0.055,0.003605551,0.002081666,0.074548548,0.052,0.035599051,0.054049199,0.01955544,0.011290339,0.387
AANPYERGPNPTDALLEARSGPFSVSEENVSRLSASGFGGGTIYYPRENSENTYGAVAISPGYTGTQASIAWLGERIASHGFVVITIDTNTTLDQPDSRARQLNAALNYMINRSTVRSRIDSSRLAVMGHSMGGGGTLRLASQRPDLKAAIPLTPWHLNKNWSSVRVPTLIIGADLDTIAPVATHAKPFYNSLPSSISKAYLELDGATHFAPNIPNKIIGKYSVAWLKRFVDNDTRYTQFLCPGPRDGGEVEEYRSTCPF,35_528,V - Alternate Reconstructions,0.301,0.082,0.122,0.168333333,0.116620467,0.067330858,0.380323947,0.082,0.080427485,0.180917144,0.172693147,0.099704435,0.584
MAENPYERGPAPTESSIEASRGPFAVSQTSVSSLSVSGFGGGTIYYPTSTSEGTFGAVAISPGYTATQSSIAWLGPRLASQGFVVFTIDTNTRYDQPASRGDQLLAALDYLTQRSSVRSRIDASRLGVMGHSMGGGGTLEAAKDRPSLQAAIPLTPWNLDKNWSEVRVPTLIIGAENDTIAPVSSHSEPFYNSLPSSLDKAYLELNGASHFAPNSSNTTIAKYSISWLKRFIDNDTRYEQFLCPAPSPDSTISEYRDTCPH,40_412,II - ASR,0.006,0.004,0.006,0.005333333,0.001154701,0.000666667,0.007581208,0.004,0.00395545,0.005178886,0.002080591,0.00120123,0.372
MAENPYERGPAPTESSIEASRGPFAVSQTSVSSLSVSGFGGGTIYYPTSTSEGTFGAVAIAPGYTATQSSMAWLGPRLASQGFVVFTIDTNTRYDQPASRGRQLLAALDYLTQRSSVRSRIDASRLGVMGHSMGGGGTLEAAEDRPSLQAAIPLTPWNLDKNWSEVRVPTMIIGAENDTIAPVSSHSEPFYNSLPSSLDKAYLELNGASHFAPNSSNTTIAKYSISWLKRFIDNDTRYEQFLCPAPSPDSTISEYRDTCPH,40_413,II - ASR,0.024,0.027,0.018,0.023,0.004582576,0.002645751,0.030324833,0.027,0.01186635,0.023063728,0.009838678,0.005680363,0.353
MQSNPYQRGPDPTRASLEASDGPFSVSTTSVSSLSVSGFGGGTIYYPTSTSSGTFGAVAISPGYTATQSSIAWLGRRLASHGFVVITIDTNSRFDQPASRASQLLAALNYLTNSSSVRSRVDASRLAVAGHSMGGGGTLEAAEDNPSLKAAVPLTPWNTDKNWSEVRVPTLIIGAENDTVAPVSSHAIPFYNSLPSSTEKAYVELNGASHFAPNSSNTTISKYSISWMKRFVDNDTRYSQFLCGAPNQDSAISDYRTNCPH,40_562,II - ASR,0,-0.002,-0.001,-0.001,0.001,0.00057735,0,-0.002,-0.000659242,-0.000886414,0.001019169,0.000588417,0.355
AANPYERGPDPTESSLEASSGPFSVSETSVSRLSASGFGGGTIYYPTTTSEGTYGAVAISPGYTATQSSIAWLGPRLASHGFVVITIDTNTTFDQPDSRARQLMAALNYLVNRSSVRSRIDSSRLAVMGHSMGGGGTLRAAEDNPSLKAAIPLTPWHTNKNWSSVRVPTLIIGAENDTIAPVSSHAKPFYNSLPSSTPKAYLELNGASHFAPNSSNTTIGKYSISWLKRFVDNDTRYSQFLCPAPHDDSAISEYRSTCPY,443_35_A225S,V - Alternate Reconstructions,0.287,0.189,0.158,0.211333333,0.067337459,0.0388773,0.362634461,0.189,0.104160185,0.218598215,0.131754615,0.076068563,0.406
AANPYERGPDPTESSLEASSGPFSVSETSVSRLSVSGFGGGTIYYPTTTSEGTYGAVAISPGYTATQSSIAWLGPRLASHGFVVITIDTNTTFDQPDSRARQLMAALNYLVNRSSVRSRIDSSRLAVMGHSMGGGGTLRAAEDNPSLKAAIPLTPWHTNKNWSSVRVPTLIIGAENDTIAPVSSHAKPFYNSLPSSTPKAYLELNGASHFAPNSSNTTIGKYSIAWLKRFVDNDTRYSQFLCPAPHDDSAISEYRSTCPY,443_35_A35V,V - Alternate Reconstructions,0.286,0.356,0.354,0.332,0.039849718,0.023007245,0.361370926,0.356,0.233371554,0.31691416,0.072399841,0.041800068,0.414
AANPYERGPDPTESSLEASSGPFSVSETSVSRLSASGFGGGTIYYPTTTSEGTYGAVAISPGYTATQSSIAWLGPRLASHGFVVITIDTNTTFDQPDSRARQLMAALNYLVNRSSVRSRIDSSRLAVMGHSMGGGGTLRAAEDNPSLKAAIPLTPWHTNKNWSSVRVPTLIIGAENDTIAPVSSHAKPFYNSLPSSTPKAYLELNGASHFAPNSSNTTIGKYSIAWLKRFVDNDTRYSQFLCPAPHDGSAISEYRSTCPY,443_35_D248G,V - Alternate Reconstructions,0.165,0.14,0.16,0.155,0.013228757,0.007637626,0.208483227,0.14,0.105478668,0.151320632,0.052427114,0.030268808,0.36
AANPYERGPDPTDSSLEASSGPFSVSETSVSRLSASGFGGGTIYYPTTTSEGTYGAVAISPGYTATQSSIAWLGPRLASHGFVVITIDTNTTFDQPDSRARQLMAALNYLVNRSSVRSRIDSSRLAVMGHSMGGGGTLRAAEDNPSLKAAIPLTPWHTNKNWSSVRVPTLIIGAENDTIAPVSSHAKPFYNSLPSSTPKAYLELNGASHFAPNSSNTTIGKYSIAWLKRFVDNDTRYSQFLCPAPHDDSAISEYRSTCPY,443_35_E13D,V - Alternate Reconstructions,0.439,0.458,0.539,0.866166667,0.739709515,0.427071488,0.554691737,0.458,0.355331264,0.456007667,0.099695168,0.057559032,0.404
AANPYERGPDPTESSLEASSGPFSVSQTSVSRLSASGFGGGTIYYPTTTSEGTYGAVAISPGYTATQSSIAWLGPRLASHGFVVITIDTNTTFDQPDSRARQLMAALNYLVNRSSVRSRIDSSRLAVMGHSMGGGGTLRAAEDNPSLKAAIPLTPWHTNKNWSSVRVPTLIIGAENDTIAPVSSHAKPFYNSLPSSTPKAYLELNGASHFAPNSSNTTIGKYSIAWLKRFVDNDTRYSQFLCPAPHDDSAISEYRSTCPY,443_35_E27Q,V - Alternate Reconstructions,0.274,0.407,0.198,0.6315,0.508832684,0.293774687,0.34620851,0.407,0.130529852,0.294579454,0.145286287,0.083881077,0.377
AANPYERGPDPTESSLEASSGPFSVSETSVSRLSASGFGGGTIYYPTTTSSGTYGAVAISPGYTATQSSIAWLGPRLASHGFVVITIDTNTTFDQPDSRARQLMAALNYLVNRSSVRSRIDSSRLAVMGHSMGGGGTLRAAEDNPSLKAAIPLTPWHTNKNWSSVRVPTLIIGAENDTIAPVSSHAKPFYNSLPSSTPKAYLELNGASHFAPNSSNTTIGKYSIAWLKRFVDNDTRYSQFLCPAPHDDSAISEYRSTCPY,443_35_E51S,V - Alternate Reconstructions,0.274,0.396,0.365,0.345,0.063411355,0.036610563,0.34620851,0.396,0.240623212,0.327610574,0.079340399,0.045807201,0.385
AANPYERGPDPTESSLEASSGPFSVSETSVSRLSASGFGGGTIYYPTTTSEGTYGAVAISPGYTATQSSIAWLGPRLASHGFVVITIDTNTTLDQPDSRARQLMAALNYLVNRSSVRSRIDSSRLAVMGHSMGGGGTLRAAEDNPSLKAAIPLTPWHTNKNWSSVRVPTLIIGAENDTIAPVSSHAKPFYNSLPSSTPKAYLELNGASHFAPNSSNTTIGKYSIAWLKRFVDNDTRYSQFLCPAPHDDSAISEYRSTCPY,443_35_F93L,V - Alternate Reconstructions,0.368,0.347,0.352,0.355666667,0.010969655,0.006333333,0.464980772,0.347,0.23205307,0.348011281,0.116467144,0.067242337,0.381
AANPYERGPDPTESSLEASSGPFSVSETSVSRLSASGFGGGTIYYPTTTSEGTYGAVAISPGYTATQSSIAWLGPRLASHGFVVITIDTNTTFDQPDSRARQLMAALNYLVNRSSVRSRIDSSRLAVMGHSMGGGGTLRAAEDNPSLKAAIPLTPWHTNKNWSSVRVPTLIIGAENDTIAPVSSHAKPFYNSLPSSTPKAYLELNGASHFAPNSSNTTIGKYSIAWLKRFVDNDTRYSQFLCPAPSDDSAISEYRSTCPY,443_35_H246S,V - Alternate Reconstructions,0.279,0.283,0.32,0.294,0.022605309,0.013051181,0.352526183,0.283,0.210957336,0.282161173,0.070788151,0.040869558,0.372
AANPYERGPDPTESSLEASSGPFSVSETSVSRLSASGFGGGTIYYPTTTSEGTYGAVAISPGYTATQSSIAWLGPRLASHGFVVITIDTNTTFDQPDSRARQLMAALNYLVNRSSVRSRIDSSRLAVMGHSMGGGGTLRAAEDNPSLKAAIPLTPWHTNKNWSSVRVPTLIIGAENDTVAPVSSHAKPFYNSLPSSTPKAYLELNGASHFAPNSSNTTIGKYSIAWLKRFVDNDTRYSQFLCPAPHDDSAISEYRSTCPY,443_35_I179V,V - Alternate Reconstructions,0.06,0.131,0.127,0.106,0.039887341,0.023028967,0.075812082,0.131,0.083723693,0.096845258,0.029842221,0.017229415,0.4
AANPYERGPDPTESSLEASSGPFSVSETSVSRLSASGFGGGTIYYPTTTSEGTYGAVAISPGYTATQSSIAWLGPRLASHGFVVITIDTNTTFDQPDSRARQLMAALNYLVNRSSVRSRIDSSRLAVMGHSMGGGGTLRAAEDNPSLKAAIPLTPWHTNKNWSSVRVPTLIIGAENDTIAPVSSHAKPFYNSLPSSTPKAYLELNGASHFAPNSSNTTIGKYSVAWLKRFVDNDTRYSQFLCPAPHDDSAISEYRSTCPY,443_35_I224V,V - Alternate Reconstructions,0.241,0.195,0.141,0.192333333,0.050053305,0.028898289,0.304511865,0.195,0.092953076,0.197488314,0.105801342,0.061084433,0.396
AANPYERGPDPTESSLEASSGPFSVSETSVSRLSASGFGGGTIYYPTTTSEGTYGAVAISPGYTATQSSIAWLGPRLASHGFVVITIDTNTTFDQPDSRARQLLAALNYLVNRSSVRSRIDSSRLAVMGHSMGGGGTLRAAEDNPSLKAAIPLTPWHTNKNWSSVRVPTLIIGAENDTIAPVSSHAKPFYNSLPSSTPKAYLELNGASHFAPNSSNTTIGKYSIAWLKRFVDNDTRYSQFLCPAPHDDSAISEYRSTCPY,443_35_M104L,V - Alternate Reconstructions,0.171,0.25,0.267,0.229333333,0.051228247,0.029576642,0.216064435,0.25,0.176017528,0.214027321,0.037033281,0.021381175,0.359
AANPYERGPDPTESSLEASSGPFSVSETSVSRLSASGFGGGTIYYPTTTSEGTYGAVAISPGYTATQSSIAWLGPRLASHGFVVITIDTNTTFDQPDSRARQLMAALDYLVNRSSVRSRIDSSRLAVMGHSMGGGGTLRAAEDNPSLKAAIPLTPWHTNKNWSSVRVPTLIIGAENDTIAPVSSHAKPFYNSLPSSTPKAYLELNGASHFAPNSSNTTIGKYSIAWLKRFVDNDTRYSQFLCPAPHDDSAISEYRSTCPY,443_35_N108D,V - Alternate Reconstructions,0.172,0.198,0.196,0.188666667,0.014468356,0.008353309,0.21732797,0.198,0.129211369,0.181513113,0.046314112,0.026739465,0.403
AANPYERGPDPTESSLEASSGPFSVSETSVSRLSASGFGGGTIYYPTTTSEGTYGAVAISPGYTATQSSIAWLGPRLASHGFVVITIDTNTTFDQPDSRARQLMAALNYLVNRSSVRSRIDSSRLAVMGHSMGGGGTLRAAEDRPSLKAAIPLTPWHTNKNWSSVRVPTLIIGAENDTIAPVSSHAKPFYNSLPSSTPKAYLELNGASHFAPNSSNTTIGKYSIAWLKRFVDNDTRYSQFLCPAPHDDSAISEYRSTCPY,443_35_N144R,V - Alternate Reconstructions,0.359,0.273,0.357,0.329666667,0.04908496,0.028339215,0.45360896,0.273,0.235349279,0.320652746,0.116672235,0.067360746,0.372
AANPYERGPDPTESSLEASSGPFSVSETSVSRLSASGFGGGTIYYPTTTSEGTYGAVAISPGYTATQSSIAWLGPRLASHGFVVITIDTNTTFDQPDSRARQLMAALNYLVNRSSVRSRIDSSRLAVMGHSMGGGGTLRAAEDNPSLKAAIPLTPWHTDKNWSSVRVPTLIIGAENDTIAPVSSHAKPFYNSLPSSTPKAYLELNGASHFAPNSSNTTIGKYSIAWLKRFVDNDTRYSQFLCPAPHDDSAISEYRSTCPY,443_35_N159D,V - Alternate Reconstructions,0.408,0.242,0.218,0.289333333,0.103466581,0.059736458,0.515522161,0.242,0.143714685,0.300412282,0.192663426,0.111234281,0.383
AANPYERGPDPTESSLEASSGPFSVSETSVSRLSASGFGGGTIYYPTTTSEGTYGAVAISPGYTATQSSIAWLGPRLASHGFVVITIDTNTTFDQPDSRARQLMAALNYLVNRSSVRSRIDSSRLAVMGHSMGGGGTLRAAEDNPSLKAAIPLTPWHTNKNWSSVRVPTLIIGAENDTIAPVSSHAKPFYNSLPSSTSKAYLELNGASHFAPNSSNTTIGKYSIAWLKRFVDNDTRYSQFLCPAPHDDSAISEYRSTCPY,443_35_P198S,V - Alternate Reconstructions,0.109,0.114,0.149,0.124,0.021794495,0.012583058,0.137725283,0.114,0.09822701,0.116650764,0.01988211,0.011478942,0.389
AANPYERGPDPTESSLEASSGPFSVSETSVSRLSASGFGGGTIYYPTTTSEGTYGAVAISPGYTATQSSIAWLGRRLASHGFVVITIDTNTTFDQPDSRARQLMAALNYLVNRSSVRSRIDSSRLAVMGHSMGGGGTLRAAEDNPSLKAAIPLTPWHTNKNWSSVRVPTLIIGAENDTIAPVSSHAKPFYNSLPSSTPKAYLELNGASHFAPNSSNTTIGKYSIAWLKRFVDNDTRYSQFLCPAPHDDSAISEYRSTCPY,443_35_P75R,V - Alternate Reconstructions,0.253,0.21,0.232,0.231666667,0.021501938,0.01241415,0.319674281,0.21,0.152944069,0.22753945,0.084737625,0.048923291,0.403
AANPYERGPDPTESSLEASSGPFSVSETSVSRLSASGFGGGTIYYPTTTSEGTYGAVAISPGYTATQSSIAWLGPRLASHGFVVITIDTNTTFDQPDSRARQLMAALNYLVNSSSVRSRIDSSRLAVMGHSMGGGGTLRAAEDNPSLKAAIPLTPWHTNKNWSSVRVPTLIIGAENDTIAPVSSHAKPFYNSLPSSTPKAYLELNGASHFAPNSSNTTIGKYSIAWLKRFVDNDTRYSQFLCPAPHDDSAISEYRSTCPY,443_35_R113S,V - Alternate Reconstructions,0.173,0.219,0.208,0.2,0.024020824,0.013868429,0.218591504,0.219,0.137122269,0.191571258,0.04715465,0.02722475,0.415
AANPYERGPDPTESSLEASSGPFSVSETSVSRLSASGFGGGTIYYPTTTSEGTYGAVAISPGYTATQSSIAWLGPRLASHGFVVITIDTNTTFDQPDSRARQLMAALNYLVNRSTVRSRIDSSRLAVMGHSMGGGGTLRAAEDNPSLKAAIPLTPWHTNKNWSSVRVPTLIIGAENDTIAPVSSHAKPFYNSLPSSTPKAYLELNGASHFAPNSSNTTIGKYSIAWLKRFVDNDTRYSQFLCPAPHDDSAISEYRSTCPY,443_35_S115T,V - Alternate Reconstructions,0.186,0.233,0.219,0.212666667,0.024131584,0.013932377,0.235017456,0.233,0.144373927,0.204130461,0.051760506,0.029883942,0.4
AANPYERGPDPTESSLEASSGPFSVSETSVSRLSASGFGGGTIYYPTTTSEGTYGAVAISPGYTATQSSIAWLGPRLASHGFVVITIDTNTTFDQPDSRARQLMAALNYLVNRSSVRSRIDPSRLAVMGHSMGGGGTLRAAEDNPSLKAAIPLTPWHTNKNWSSVRVPTLIIGAENDTIAPVSSHAKPFYNSLPSSTPKAYLELNGASHFAPNSSNTTIGKYSIAWLKRFVDNDTRYSQFLCPAPHDDSAISEYRSTCPY,443_35_S122P,V - Alternate Reconstructions,0.253,0.254,0.452,0.319666667,0.114605119,0.066167296,0.319674281,0.254,0.297977238,0.290550506,0.033461098,0.019318774,0.404
AANPYERGPDPTEASLEASSGPFSVSETSVSRLSASGFGGGTIYYPTTTSEGTYGAVAISPGYTATQSSIAWLGPRLASHGFVVITIDTNTTFDQPDSRARQLMAALNYLVNRSSVRSRIDSSRLAVMGHSMGGGGTLRAAEDNPSLKAAIPLTPWHTNKNWSSVRVPTLIIGAENDTIAPVSSHAKPFYNSLPSSTPKAYLELNGASHFAPNSSNTTIGKYSIAWLKRFVDNDTRYSQFLCPAPHDDSAISEYRSTCPY,443_35_S14A,V - Alternate Reconstructions,0.341,0.427,0.412,0.393333333,0.045938365,0.026522527,0.430865335,0.427,0.271607571,0.376490969,0.090852246,0.052453569,0.392
AANPYERGPDPTESSLEASSGPFSVSETSVSRLSASGFGGGTIYYPTTTSEGTYGAVAISPGYTATQSSIAWLGPRLASHGFVVITIDTNTTFDQPDSRARQLMAALNYLVNRSSVRSRIDSSRLAVMGHSMGGGGTLRAAEDNPSLKAAIPLTPWHTNKNWSSVRVPTLIIGAENDTIAPVSTHAKPFYNSLPSSTPKAYLELNGASHFAPNSSNTTIGKYSIAWLKRFVDNDTRYSQFLCPAPHDDSAISEYRSTCPY,443_35_S184T,V - Alternate Reconstructions,0.098,0.137,0.081,0.105333333,0.028711206,0.016576423,0.123826401,0.137,0.053398576,0.104741659,0.044949639,0.025951686,0.392
AANPYERGPDPTESSLEASSGPFSVSETSVSRLSASGFGGGTIYYPTTTSEGTYGAVAISPGYTATQSSIAWLGPRLASHGFVVITIDTNTTFDQPDSRARQLMAALNYLVNRSSVRSRIDSSRLAVMGHSMGGGGTLRAAEDNPSLKAAIPLTPWHTNKNWSSVRVPTLIIGAENDTIAPVSSHAKPFYNSLPSSTPKAYLELNGASHFAPNTSNTTIGKYSIAWLKRFVDNDTRYSQFLCPAPHDDSAISEYRSTCPY,443_35_S214T,V - Alternate Reconstructions,0.219,0.141,0.185,0.181666667,0.039106692,0.022578259,0.276714101,0.141,0.12195971,0.17989127,0.084389742,0.04872244,0.397
AANPYERGPDPTESSLEASSGPFSVSETSVSRLSASGFGGGTIYYPTTTSEGTYGAVAISPGYTATQSSIAWLGPRLASHGFVVITIDTNTTFDQPDSRARQLMAALNYLVNRSSVRSRIDSSRLAVMGHSMGGGGTLRAAEDNPSLKAAIPLTPWHTNKNWSSVRVPTLIIGAENDTIAPVSSHAKPFYNSLPSSTPKAYLELNGASHFAPNSSNTTIGKYSIAWLKRFVDNDTRYTQFLCPAPHDDSAISEYRSTCPY,443_35_S238T,V - Alternate Reconstructions,0.252,0.31,0.276,0.279333333,0.029143324,0.016825906,0.318410746,0.31,0.181950703,0.270120483,0.076472987,0.0441517,0.389
AANPYERGPDPTESSLEASSGPFSVSETSVSRLSASGFGGGTIYYPTTTSEGTYGAVAISPGYTATQSSIAWLGPRLASHGFVVITIDTNTTFDQPDSRARQLMAALNYLVNRSSVRSRIDSSRLAVMGHSMGGGGTLRAAEDNPSLKAAIPLTPWHTNKNWSSVRVPTLIIGAENDTIAPVSSHAKPFYNSLPSSTPKAYLELNGASHFAPNSSNTTIGKYSIAWLKRFVDNDTRYSQFLCPAPHDDAAISEYRSTCPY,443_35_S249A,V - Alternate Reconstructions,0.132,0.157,0.141,0.143333333,0.01266228,0.007310571,0.166786581,0.157,0.092953076,0.138913219,0.040102311,0.02315308,0.419
AANPYERGPDPTESSLEASSGPFSVSETSVSRLSASGFGGGTIYYPTSTSEGTYGAVAISPGYTATQSSIAWLGPRLASHGFVVITIDTNTTFDQPDSRARQLMAALNYLVNRSSVRSRIDSSRLAVMGHSMGGGGTLRAAEDNPSLKAAIPLTPWHTNKNWSSVRVPTLIIGAENDTIAPVSSHAKPFYNSLPSSTPKAYLELNGASHFAPNSSNTTIGKYSIAWLKRFVDNDTRYSQFLCPAPHDDSAISEYRSTCPY,443_35_T48S,V - Alternate Reconstructions,0.173,0.166,0.248,0.195666667,0.045456939,0.026244576,0.218591504,0.166,0.163491936,0.18269448,0.031113018,0.017963109,0.379
AANPYERGPDPTESSLEASSGPFSVSETSVSRLSASGFGGGTIYYPTTTSEGTYGAVAISPGYTATQSSIAWLGPRLASHGFVVITIDTNSTFDQPDSRARQLMAALNYLVNRSSVRSRIDSSRLAVMGHSMGGGGTLRAAEDNPSLKAAIPLTPWHTNKNWSSVRVPTLIIGAENDTIAPVSSHAKPFYNSLPSSTPKAYLELNGASHFAPNSSNTTIGKYSIAWLKRFVDNDTRYSQFLCPAPHDDSAISEYRSTCPY,443_35_T91S,V - Alternate Reconstructions,0.405,0.347,0.373,0.375,0.029051678,0.016772994,0.511731557,0.347,0.245897145,0.368209567,0.134180356,0.077469065,0.395
AANPYERGPDPTESSLEASSGPFSVSETSVSRLSASGFGGGTIYYPTTTSEGTYGAVAISPGYTATQSSIAWLGPRLASHGFVVITIDTNTTFDQPDSRARQLMAALNYLINRSSVRSRIDSSRLAVMGHSMGGGGTLRAAEDNPSLKAAIPLTPWHTNKNWSSVRVPTLIIGAENDTIAPVSSHAKPFYNSLPSSTPKAYLELNGASHFAPNSSNTTIGKYSIAWLKRFVDNDTRYSQFLCPAPHDDSAISEYRSTCPY,443_35_V111I,V - Alternate Reconstructions,0.139,0.13,0.278,0.182333333,0.082971883,0.047903839,0.175631324,0.13,0.183269186,0.162966837,0.0288044,0.016630228,0.363
AANPYERGPDPTESSLEASSGPFSVSETSVSRLSASGFGGGTIYYPTTTSEGTYGAVAISPGYTATQSSIAWLGPRLASHGFVVITIDTNTTFDQPDSRARQLMAALNYLVNRSSVRSRIDSSRLAVMGHSMGGGGTLRAAEDNPSLKAAIPLTPWHTNKNWSSVRVPTLIIGAENDTIAPVSSHAKPFYNSLPSSTPKAYLELNGASHFAPNSSNTTIGKYSIAWLKRFVDNDTRYSQFLCPAPHDDSAISEYRSTCPF,443_35_Y260F,V - Alternate Reconstructions,0.163,0.107,0.255,0.175,0.074726167,0.043143173,0.205956157,0.107,0.168106628,0.160354262,0.0499315,0.028827965,0.398
AANPYERGPDPTESSLEASSGPFSVSETSVSRLSASGFGGGTIYYPTTTSEGTFGAVAISPGYTATQSSIAWLGPRLASHGFVVITIDTNTTFDQPDSRARQLMAALNYLVNRSSVRSRIDSSRLAVMGHSMGGGGTLRAAEDNPSLKAAIPLTPWHTNKNWSSVRVPTLIIGAENDTIAPVSSHAKPFYNSLPSSTPKAYLELNGASHFAPNSSNTTIGKYSIAWLKRFVDNDTRYSQFLCPAPHDDSAISEYRSTCPY,443_35_Y54F,V - Alternate Reconstructions,0.317,0.318,0.338,0.324333333,0.011846237,0.006839428,0.400540502,0.318,0.222823687,0.313788063,0.088933244,0.051345633,0.386
MADNPYERGPDPTESSIEASRGPFAVSQTSVSSLSVSGFGGGTIYYPTSTSEGTFGAVAISPGYTATQSSIAWLGPRLASQGFVVFTIDTNSRYDQPDSRARQLLAALDYLTQRSSVRSRIDPSRLAVMGHSMGGGGTLEAAEDRPSLKAAIPLTPWHTDKNWSSVRVPTLIIGAENDTIAPVSSHAEPFYNSLPSSPDKAYLELNGASHFAPNSSNTTIAKYSISWLKRFVDNDTRYDQFLCPAPSNDSAISEYRDTCPY,45_443,II - ASR,0.002,0.003,0.002,0.002333333,0.00057735,0.000333333,0.002527069,0.003,0.001318483,0.002281851,0.000867164,0.000500657,0.365
MAANPYERGPDPTEASLEASSGPFSVSQTSVSSLSVSGFGGGTIYYPTSTSSGTYGAVAISPGYTATQSSIAWLGPRLASHGFVVITIDTNSTFDQPDSRARQLMAALDYLVNRSSVRSRIDSSRLAVMGHSMGGGGTLRAAEDRPSLKAAIPLTPWHTNKNWSSVRVPTLIIGAENDTIAPVSSHAKPFYNSLPSSTSKAYLELNGASHFAPNSSNTTIGKYSVSWLKRFVDNDTRYSQFLCPAPHDDSAISEYRDTCPY,45_468,II - ASR,0.134,0.169,0.234,0.179,0.050744458,0.029297326,0.169313651,0.169,0.154262552,0.164192068,0.008600642,0.004965583,0.329
MQANPYQRGPDPTSSSLEASSGPFSVSTTSVSSLSVSGFGGGTIYYPTNTSSGTYGAVAISPGYTATQSSIAWLGPRLASHGFVVITIDTNSTFDQPDSRARQLMAALNYLVNRSPVRSRVDSSRLAVMGHSMGGGGTLRAAEDNPSLKAAIPLTPWHTDKNFSSVRVPTLIIGAENDTIAPVSSHAKPFYNSLPSSTSKAYLELNGASHFAPNSSNTTIGKYSVSWMKRFVDNDTRYSQFLCPAPHDDSAISEYRDTCPY,45_469,II - ASR,0.07,0.06,0.075,0.068333333,0.007637626,0.004409585,0.08844743,0.06,0.049443126,0.065963518,0.020174404,0.011647698,0.369
MSNPYQRGPNPTRSMLTADGPFSVATYTVSRLSVSGFGGGVIYYPTGTSLTFGGIAMSPGYTHDASSLAWLGRRLASHGRVVLVINTNSRFDYPDSRASQLSAALNYLRTSSPSAVRARLDANRLAVAGHSMGGGGTLRIAEQNPSLRAAVPLTPWHTDKTFNTSVPVLIVGAEADTVAPVSQHAIPFYQNLPSTTPKVYVELRNASHFAPNSNNAAISVYMISWMRLWVMNDTRYRQFLCNVNMPRLSDFRTNNRHCQ,4eb0_RS_H_top10,"I - Extants, Designs, ICCG",0,-0.001,0,-0.000333333,0.00057735,0.000333333,0,-0.001,0,-0.000333333,0.00057735,0.000333333,0.34
MSNPYQRGPNPTRSALTADGPFSVATYTVSRLSVSGFGGGVIYYPTGTSLTFGGIAMSPGYTADASSLAWLGRRLASHGFVVLVINTNSRFDYPDSRASQLSAALNYLRTSSPSAVRARLDANRLAVAGHSMGGGGTLRIAEQNPSLRAAVPLTPWHYDKTFNTSVPVLIVGAEADTVAPVSQHAIPFYQNLPSTTPKVYVMLMNASHFAPNSNNWAISVYMISWMRLWVMNDTRYRQFLCNVNMPRLSDFRTNNRHCQ,4eb0_RS_NH_top10,"I - Extants, Designs, ICCG",-0.001,-0.004,0,-0.001666667,0.002081666,0.00120185,-0.001263535,-0.004,0,-0.001754512,0.002044699,0.001180507,0.366
MSNPYQRGPNPTRSALTADGPFSVATYTVSRLSVSGFGGGVIYYPTGTSLTFGGIAMSPGYTADASSLAWLGRRLASHGFVVLVINTNSRFDYPDSRASQLSAALNYLRTSSPSAVRARLDANRLAVAGHSMGGGGTLRIAEQNPSLRAAVPLTPWHYDKTFNTSVPVLIVGAEADTVAPVSQHAIPFYQNLPSTTPKVYVELMNASHFAPNSNNAAISVYTISWMRLWVMNDTRYRQFLCNVNDPALSDFRTNNRHCQ,4eb0_RS_NH_top5,"I - Extants, Designs, ICCG",0.008,0.012,0.035,0.018333333,0.014571662,0.008412953,0.010108278,0.012,0.023073459,0.015060579,0.007003523,0.004043486,0.386
MSNPYQRGPNPTRSALTADGPFSVATYTVSRLSVSGFGGGVIYYPTGTSLTFGGIAMSPGYTHDASSLAWLGRRLASHGFVVLVINTNSRFDYPDSRASQLSAALNYLRTSSPSAVRARLDANRLAVAGHSMGGGGTLRIAEQNPSLRAAVPLTPWHTDKTFNTSVPVLIVGAEADTVAPVSQHAIPFYQNLPSTTPKVYVELRNASHFAPNSNNAAISVYTISWMRLWVMNDTRYRQFLCNVNDPALSDFRTNNRHCQ,4ebo_RS_H_top5,"I - Extants, Designs, ICCG",0.032,0.1,0.196,0.109333333,0.082397411,0.047572167,0.040433111,0.1,0.129211369,0.089881493,0.045245805,0.026122678,0.383
MAENPYERGPAPTESSIEASRGPFAVSQTSVSSLSVSGFGGGTIYYPTSTSEGTFGAVAISPGYTATQSSIAWLGPRLASQGFVVITIDTNSRYDQPASRGDQLLAALDYLTQRSSVRSRIDPSRLAVMGHSMGGGGTLEAAKDRPSLKAAIPLTPWNTDKNWSSVRVPTLIIGAENDTIAPVSSHAEPFYNSLPSSPEKAYLELNGASHFAPNSSNTTIAKYSISWLKRFVDNDTRYEQFLCPAPSPDSTISEYRDTCPH,5_445,II - ASR,0.002,0.002,0,0.001333333,0.001154701,0.000666667,0.002527069,0.002,0,0.001509023,0.001333159,0.0007697,0.378
MAENPYERGPAPTESSIEASSGPFSVSTTSVSSLSVSGFGGGTIYYPTSTSEGTFGAVAISPGYTATQSSIAWLGRRLASHGFVVITIDTNSTYDQPDSRGDQLLAALDYLTQRSSVRSRIDPSRLAVMGHSMGGGGTLEAAKDRPSLKAAIPLTPWHTDKNWSSVRVPTLIIGAENDTIAPVSSHAIPFYNSLPSSTEKAYLELNGASHFAPNSSNTTIGKYSVSWLKRFVDNDTRYSQFLCPAPSPDSAISEYRDTCPH,5_553,II - ASR,0.012,0.015,0.024,0.017,0.006244998,0.003605551,0.015162416,0.015,0.0158218,0.015328072,0.000435224,0.000251277,0.472
MAANPYERGPDPTEASLEASSGPFSVSTTSVSSLSVSGFGGGTIYYPTSTSEGTYGAVAISPGYTATQSSIAWLGRRLASHGFVVITIDTNSTFDQPDSRADQLMAALNYLVNRSSVRSRIDSSRLAVMGHSMGGGGTLRAAKDRPSLKAAIPLTPWHTDKNWSSVRVPTLIIGAENDTIAPVSSHAKPFYNSLPSSTSKAYLELNGASHFAPNSSNTTIGKYSVSWLKRFVDNDTRYSQFLCPAPHDDSAISEYRDTCPY,5_554,II - ASR,0.107,0.133,0.167,0.135666667,0.030088758,0.017371753,0.135198214,0.133,0.11009336,0.126097191,0.013903237,0.008027038,0.403
MADNPYERGPDPTESSIEASRGPFAVSETSVSRLSVSGFGGGTIYYPTTTSEGTFGAVAISPGYTGTQSSIAWLGPRLASQGFVVITIDTNTTYDQPDSRARQLLAALDYLTQRSSVRSRIDASRLAVMGHSMGGGGTLRAAEDRPSLKAAIPLTPWHTDKNWSSVRVPTLIIGAENDTIAPVSSHAEPFYNSLPSSLPKAYLELNGASHFAPNTSNTTIAKYSISWLKRFVDNDTRYTQFLCPAPRPGSAIEEYRDTCPY,50_615,II - ASR,0.093,0.115,0.104,0.104,0.011,0.006350853,0.117508728,0.115,0.068561134,0.100356621,0.027564255,0.01591423,0.397
MQANPYQRGPDPTSSSLEASSGPFSVSTTSVSRLSASGFGGGTIYYPTTTSSGTYGAVAISPGYTATQSSIAWLGRRLASHGFVVITIDTNSTFDQPDSRATQLMAALNYLVNSSTVRSRIDASRLAVMGHSMGGGGTLRAAEDNPSLKAAIPLTPWHTDKNFSSVRVPTLIIGAENDTIAPVSTHAKPFYNSLPSSTSKAYVELNGASHFAPNSSNTPIGKYSISWMKRFVDNDTRYSQFLCGAPHDGSAISEYRDNCPY,50_617,II - ASR,0.111,0.067,0.038,0.072,0.036755952,0.021221059,0.140252353,0.067,0.025051184,0.077434512,0.058305116,0.033662475,0.361
MQANPYQRGPDPTSASLEASSGPFSVSTSSVSSLSASGFGGGTIYYPTTTSSGTYGAVAISPGYTATQSSIAWLGRRLASHGFVVITIDTNSTFDQPDSRATQLMAALNYVVNSSTVRSRVDASRLAVMGHSMGGGGTLIAAEDNPSLKAAIPLTPWHTSKNFSSVRVPTLIIGAENDTIAPVSSHAKPFYNSLPSSTSKAYVELNGASHFAPNSSNTPIGKYSISWMKRFVDNDTRYSPFLCGAPHQGAAISEYRDNCPY,50_618,II - ASR,0.001,0.002,0.001,0.001333333,0.00057735,0.000333333,0.001263535,0.002,0.000659242,0.001307592,0.000671464,0.00038767,0.372
AANPYERGPDPTEQSLEASSGPFSVSETSVSRLSASGFGGGTIYYPTTTSSGTYGAVAISPGYTATQSSIAWLGPRLASHGFVVITIDTNTTFDQPDSRARQLMAALNYLVNRSSVRSRIDSSRLAVMGHSMGGGGTLRAAEDNPSLKAAIPLTPWHTNKNWSSVRVPTLIIGAENDTIAPVSSHAKPFYNSLPSSTPKAYLELNGASHFAPNSSNTTIGKYSVSWLKRFVDNDTRYSQFLCPAPHDDSAISEYRSTCPY,547_55_A14Q,V - Alternate Reconstructions,0.203,0.265,0.285,0.251,0.042755117,0.024684678,0.256497546,0.265,0.187883878,0.236460474,0.042282824,0.024412,0.411
AANPYERGPDPTEASLEASSGPFSVSETSVSRLSASGFGGGTIYYPTTTSSGTYGAVAISPGYTATQSSIAWLGPRLASHGFVVITIDTNTTFDQPDSRARQLMAALNYLVNRSSVRSRIDSSRLAVMGHSMGGGGTLRAAEDNPSLKAAIPLTPWHTNKNWSSVRVPTLIIGAENDTIAPVSSHAKPFYNSLPSSTPKAYLELNGGSHFAPNSSNTTIGKYSVSWLKRFVDNDTRYSQFLCPAPHDDSAISEYRSTCPY,547_55_A207G,V - Alternate Reconstructions,0.162,0.206,0.232,0.2,0.035383612,0.020428738,0.204692623,0.206,0.152944069,0.187878897,0.03026151,0.017471491,0.401
ADNPYERGPDPTEASLEASSGPFSVSETSVSRLSASGFGGGTIYYPTTTSSGTYGAVAISPGYTATQSSIAWLGPRLASHGFVVITIDTNTTFDQPDSRARQLMAALNYLVNRSSVRSRIDSSRLAVMGHSMGGGGTLRAAEDNPSLKAAIPLTPWHTNKNWSSVRVPTLIIGAENDTIAPVSSHAKPFYNSLPSSTPKAYLELNGASHFAPNSSNTTIGKYSVSWLKRFVDNDTRYSQFLCPAPHDDSAISEYRSTCPY,547_55_A2D,V - Alternate Reconstructions,0.158,0.128,0.115,0.133666667,0.022052967,0.012732286,0.199638484,0.128,0.075812793,0.134483759,0.062166951,0.035892106,0.388
AANPYERGPEPTEASLEASSGPFSVSETSVSRLSASGFGGGTIYYPTTTSSGTYGAVAISPGYTATQSSIAWLGPRLASHGFVVITIDTNTTFDQPDSRARQLMAALNYLVNRSSVRSRIDSSRLAVMGHSMGGGGTLRAAEDNPSLKAAIPLTPWHTNKNWSSVRVPTLIIGAENDTIAPVSSHAKPFYNSLPSSTPKAYLELNGASHFAPNSSNTTIGKYSVSWLKRFVDNDTRYSQFLCPAPHDDSAISEYRSTCPY,547_55_D10E,V - Alternate Reconstructions,0.287,0.263,0.427,0.325666667,0.088573886,0.051138157,0.362634461,0.263,0.281496196,0.302376886,0.052997725,0.030598251,0.403
AANPYERGPDPTEASLEASSGPFSVSETSVSRLSASGFGGGTIYYPTTTSSGTYGAVAISPGYTATQSSIAWLGPRLASHGFVVITIDTNTTDDQPDSRARQLMAALNYLVNRSSVRSRIDSSRLAVMGHSMGGGGTLRAAEDNPSLKAAIPLTPWHTNKNWSSVRVPTLIIGAENDTIAPVSSHAKPFYNSLPSSTPKAYLELNGASHFAPNSSNTTIGKYSVSWLKRFVDNDTRYSQFLCPAPHDDSAISEYRSTCPY,547_55_F93D,V - Alternate Reconstructions,0.007,0.004,0.003,0.004666667,0.002081666,0.00120185,0.008844743,0.004,0.001977725,0.004940823,0.003528859,0.002037388,0.786
AANPYERGPDPTEASLEASSGPFSVSETSVSRLSASGFGGGTIYYPTTTSSGTYGAVAISPGYTATQSSIAWLGPRLASHGFVVITIDTNTTFDQPDSRARQLMAALNYLVNRSSVRSRIDSSRLAVMGHSMGGGGTLRAAEDNPSLKAAIPLTPWHTNKNWSSVRVPTLIIGAENDTIAPVSSHAKPFYNSLPSSTPKAYLELNGASHFAPNSSNTTIGKYSVSWLKRFVDNDTRYSQFLCPAPSDDSAISEYRSTCPY,547_55_H246S,V - Alternate Reconstructions,0.259,0.213,0.234,0.235333333,0.023028967,0.01329578,0.327255489,0.213,0.154262552,0.231506014,0.087968707,0.050788757,0.419
AANPYERGPDPTEASLEASSGPFSVSETSVSRLSASGFGGGTIYYPTTTSSGTYGAVAVSPGYTATQSSIAWLGPRLASHGFVVITIDTNTTFDQPDSRARQLMAALNYLVNRSSVRSRIDSSRLAVMGHSMGGGGTLRAAEDNPSLKAAIPLTPWHTNKNWSSVRVPTLIIGAENDTIAPVSSHAKPFYNSLPSSTPKAYLELNGASHFAPNSSNTTIGKYSVSWLKRFVDNDTRYSQFLCPAPHDDSAISEYRSTCPY,547_55_I59V,V - Alternate Reconstructions,0.081,0.095,0.076,0.084,0.009848858,0.005686241,0.102346311,0.095,0.050102367,0.082482893,0.028281901,0.016328563,0.385
AANPYERGPDPTEASLEASSGPFSVSETSVSRLSASGFGGGTIYYPTTTSSGTYGAVAISPGYTATQSSLAWLGPRLASHGFVVITIDTNTTFDQPDSRARQLMAALNYLVNRSSVRSRIDSSRLAVMGHSMGGGGTLRAAEDNPSLKAAIPLTPWHTNKNWSSVRVPTLIIGAENDTIAPVSSHAKPFYNSLPSSTPKAYLELNGASHFAPNSSNTTIGKYSVSWLKRFVDNDTRYSQFLCPAPHDDSAISEYRSTCPY,547_55_I70L,V - Alternate Reconstructions,0.18,0.132,0.151,0.154333333,0.024172988,0.013956281,0.227436247,0.132,0.099545493,0.152993914,0.066479843,0.038382155,0.401
AANPYERGPDPTEASLEASSGPFSVSETSVSRLSASGFGGGTIYYPTTTSSGTYGAVAISPGYTATQSSIAWLGPRLASHGFVVLTIDTNTTFDQPDSRARQLMAALNYLVNRSSVRSRIDSSRLAVMGHSMGGGGTLRAAEDNPSLKAAIPLTPWHTNKNWSSVRVPTLIIGAENDTIAPVSSHAKPFYNSLPSSTPKAYLELNGASHFAPNSSNTTIGKYSVSWLKRFVDNDTRYSQFLCPAPHDDSAISEYRSTCPY,547_55_I85L,V - Alternate Reconstructions,0.16,0.216,0.309,0.228333333,0.075261765,0.0434524,0.202165553,0.216,0.203705678,0.20729041,0.007581933,0.004377431,0.394
AANPYERGPDPTEASLEASSGPFSVSETSVSRLSASGFGGGTIYYPTTTSSGTYGAVAISPGYTATQSSIAWLGPRLASHGFVVITIDTNTTFDQPDSRARQLMAALNYLVNRSSVRSRIDSSRLAVMGHSMGGGGTLRAAEDNPSLKAAIPLTPWHTNKNWSSVRVPTLIIGAENDTIAPVSSHAQPFYNSLPSSTPKAYLELNGASHFAPNSSNTTIGKYSVSWLKRFVDNDTRYSQFLCPAPHDDSAISEYRSTCPY,547_55_K187Q,V - Alternate Reconstructions,0.125,0.162,0.195,0.160666667,0.035019042,0.020218253,0.157941838,0.162,0.128552127,0.149497988,0.018252781,0.010538248,0.361
AANPYERGPDPTEASLEASSGPFSVSETSVSRLSASGFGGGTIYYPTTTSSGTYGAVAISPGYTATQSSIAWLGPRLASHGFVVITIDTNTTFDQPDSRARQLMAALNYLVNRSSVRSRIDSSRLAVMGHSMGGGGTLRAAEDNPSLKAAIPLTPWHTNKNWSSVRVPTLIIGAENDTIAPVSSHAKPFYNSLPSSTPKAYLELNGASHFAPNSSNTTIGRYSVSWLKRFVDNDTRYSQFLCPAPHDDSAISEYRSTCPY,547_55_K221R,V - Alternate Reconstructions,0.188,0.27,0.312,0.256666667,0.063066103,0.036411232,0.237544525,0.27,0.205683403,0.237742643,0.032158756,0.018566867,0.377
AANPYERGPDPTEASVEASSGPFSVSETSVSRLSASGFGGGTIYYPTTTSSGTYGAVAISPGYTATQSSIAWLGPRLASHGFVVITIDTNTTFDQPDSRARQLMAALNYLVNRSSVRSRIDSSRLAVMGHSMGGGGTLRAAEDNPSLKAAIPLTPWHTNKNWSSVRVPTLIIGAENDTIAPVSSHAKPFYNSLPSSTPKAYLELNGASHFAPNSSNTTIGKYSVSWLKRFVDNDTRYSQFLCPAPHDDSAISEYRSTCPY,547_55_L16V,V - Alternate Reconstructions,0.064,0.127,0.112,0.101,0.032908965,0.019,0.080866221,0.127,0.073835068,0.09390043,0.028879845,0.016673786,0.399
AANPYERGPDPTEASLEASSGPFSVSETSVSRLSASGFGGGTIYYPTTTSSGTYGAVAISPGYTATQSSIAWLGPRLASHGFVVITIDTNTTFDQPDSRARQLMAALNYLVNRSSVRSRIDSSRLAVMGHSMGGGGTLRAAEDNPSLKAAIPLTPWHTNKNWSSVRVPTMIIGAENDTIAPVSSHAKPFYNSLPSSTPKAYLELNGASHFAPNSSNTTIGKYSVSWLKRFVDNDTRYSQFLCPAPHDDSAISEYRSTCPY,547_55_L170M,V - Alternate Reconstructions,0.5,0.26,0.539,0.433,0.151086068,0.087229582,0.631767354,0.26,0.355331264,0.415699539,0.1930958,0.111483912,0.411
AANPYERGPDPTEASLEASSGPFSVSETSVSRASASGFGGGTIYYPTTTSSGTYGAVAISPGYTATQSSIAWLGPRLASHGFVVITIDTNTTFDQPDSRARQLMAALNYLVNRSSVRSRIDSSRLAVMGHSMGGGGTLRAAEDNPSLKAAIPLTPWHTNKNWSSVRVPTLIIGAENDTIAPVSSHAKPFYNSLPSSTPKAYLELNGASHFAPNSSNTTIGKYSVSWLKRFVDNDTRYSQFLCPAPHDDSAISEYRSTCPY,547_55_L33A,V - Alternate Reconstructions,0.302,0.168,0.274,0.248,0.070682388,0.040808496,0.381587482,0.168,0.180632219,0.243406567,0.119834749,0.069186625,0.388
AANPYERGPDPTEASLEASSGPFSVSETSVSRLSASGFGGGTIYYPTTTSSGTYGAVAISPGYTATQSSIAWLGPRLASHGFVVITIDTNTTFDQPDSRARQLMAALNYLVNRSSVRSRIDSSRLAVMGHSMGGGGTLRAAEDRPSLKAAIPLTPWHTNKNWSSVRVPTLIIGAENDTIAPVSSHAKPFYNSLPSSTPKAYLELNGASHFAPNSSNTTIGKYSVSWLKRFVDNDTRYSQFLCPAPHDDSAISEYRSTCPY,547_55_N144R,V - Alternate Reconstructions,0.281,0.118,0.119,0.172666667,0.093820751,0.054167436,0.355053253,0.118,0.07844976,0.183834337,0.149592758,0.086367419,0.393
AANPYERGPDPTEASLEASSGPFSVSETSVSRLSASGFGGGTIYYPTTTSSGTYGAVAISPGYTATQSSIAWLGPRLASHGFVVITIDTNTTFDQPDSRARQLMAALNYLVNRSSVRSRIDSSRLAVMGHSMGGGGTLRAAEDNPSLKAAIPLTPWHTKKNWSSVRVPTLIIGAENDTIAPVSSHAKPFYNSLPSSTPKAYLELNGASHFAPNSSNTTIGKYSVSWLKRFVDNDTRYSQFLCPAPHDDSAISEYRSTCPY,547_55_N159K,V - Alternate Reconstructions,0.087,0.094,0.151,0.110666667,0.035104606,0.020267654,0.10992752,0.094,0.099545493,0.101157671,0.008085222,0.004668005,0.387
AANPYERGPDPTEASLEASSGPFSVSETSVSRLSASGFGGGTIYYPTTTSSGTYGAVAISPGYTATQSSIAWLGPRLASHGFVVITIDTNTTFDQPDSRARQLMAALNYLVNRSSVRSRIDSSRLAVMGHSMGGGGTLRAAEDNPSLKAAIPLTPWHTNKDWSSVRVPTLIIGAENDTIAPVSSHAKPFYNSLPSSTPKAYLELNGASHFAPNSSNTTIGKYSVSWLKRFVDNDTRYSQFLCPAPHDDSAISEYRSTCPY,547_55_N161D,V - Alternate Reconstructions,0.195,0.091,0.106,0.130666667,0.056216842,0.032456809,0.246389268,0.091,0.069879618,0.135756295,0.096391175,0.055651471,0.405
AANPYERGPDPTEASLEASSGPFSVSETSVSRLSASGFGGGTIYYPTTTSSGTYGAVAISPGYTATQSSIAWLGPRLASHGFVVITIDTNTTFDQPDSRARQLMAALNYLVNRSSVRSRIDSSRLAVMGHSMGGGGTLRAAEDNPSLKAAIPLTPWHTNKNWSSVRVPTLIIGAENDTIAPVSSHAKPFYNSLPSSTPKAYLELRGASHFAPNSSNTTIGKYSVSWLKRFVDNDTRYSQFLCPAPHDDSAISEYRSTCPY,547_55_N205R,V - Alternate Reconstructions,0.171,0.114,0.154,0.146333333,0.029263174,0.016895101,0.216064435,0.114,0.101523218,0.143862551,0.062839093,0.036280167,0.401
AATPYERGPDPTEASLEASSGPFSVSETSVSRLSASGFGGGTIYYPTTTSSGTYGAVAISPGYTATQSSIAWLGPRLASHGFVVITIDTNTTFDQPDSRARQLMAALNYLVNRSSVRSRIDSSRLAVMGHSMGGGGTLRAAEDNPSLKAAIPLTPWHTNKNWSSVRVPTLIIGAENDTIAPVSSHAKPFYNSLPSSTPKAYLELNGASHFAPNSSNTTIGKYSVSWLKRFVDNDTRYSQFLCPAPHDDSAISEYRSTCPY,547_55_N3T,V - Alternate Reconstructions,0.296,0.225,0.2,0.240333333,0.049802945,0.028753744,0.374006273,0.225,0.131848335,0.243618203,0.12214784,0.070522088,0.396
AANPYERGPDPTEASLEASSGPFSVSETSVSRLSASGFGGGTIYYPTTTSSGTYGAVAISPGYTATQSSIAWLGPRLASHGFVVITIDTQTTFDQPDSRARQLMAALNYLVNRSSVRSRIDSSRLAVMGHSMGGGGTLRAAEDNPSLKAAIPLTPWHTNKNWSSVRVPTLIIGAENDTIAPVSSHAKPFYNSLPSSTPKAYLELNGASHFAPNSSNTTIGKYSVSWLKRFVDNDTRYSQFLCPAPHDDSAISEYRSTCPY,547_55_N90Q,V - Alternate Reconstructions,0.136,0.201,0.272,0.203,0.068022055,0.039272552,0.17184072,0.201,0.179313736,0.184051485,0.015145976,0.008744534,0.393
AANPYERGPDPTEASLEASSGPFSVSETSVSRLSASGFGGGTIYYPTTTSSGTYGAVAISPGYTATQSSIAWLGPRLASHGFVVITIDTNTTFDQPDSRARQLMAALNYLVNRSSVRSRIDSSRLAVMGHSMGGGGTLRAAEDNPSLKAAIPLTPWHTNKNWSSVRVPTLIIGAENDTIAPVSSHAKPFYNSLPSSTEKAYLELNGASHFAPNSSNTTIGKYSVSWLKRFVDNDTRYSQFLCPAPHDDSAISEYRSTCPY,547_55_P198E,V - Alternate Reconstructions,0.219,0.152,0.161,0.177333333,0.036363902,0.020994709,0.276714101,0.152,0.10613791,0.178284004,0.088273415,0.05096468,0.408
AANAYERGPDPTEASLEASSGPFSVSETSVSRLSASGFGGGTIYYPTTTSSGTYGAVAISPGYTATQSSIAWLGPRLASHGFVVITIDTNTTFDQPDSRARQLMAALNYLVNRSSVRSRIDSSRLAVMGHSMGGGGTLRAAEDNPSLKAAIPLTPWHTNKNWSSVRVPTLIIGAENDTIAPVSSHAKPFYNSLPSSTPKAYLELNGASHFAPNSSNTTIGKYSVSWLKRFVDNDTRYSQFLCPAPHDDSAISEYRSTCPY,547_55_P4A,V - Alternate Reconstructions,0.437,0.261,0.391,0.363,0.09127979,0.052700411,0.552164667,0.261,0.257763496,0.356976054,0.169046043,0.097598779,0.387
AANPYERGPDPTEASLEASSGPFSVSETSVSRLSASGFGGGTIYYPTTTSSGTYGAVAISPGYTATQSSIAWLGPRLASHGFVVITIDTNTTFDQPDSRARQLMAALNYLVNRSSVRSRIDSSRLAVMGHSMGGGGTLRAAEDNPSLKAAIPLTPWHTNKNWSSVRVPTLIIGAENDTIAPVSSHAKPFYNSLPSSTPKAYLELNGASHFAPNSSNTTIGKYSVSWLKRFVDNDTRYSKFLCPAPHDDSAISEYRSTCPY,547_55_Q239K,V - Alternate Reconstructions,0.234,0.226,0.262,0.240666667,0.018903263,0.010913804,0.295667122,0.226,0.172721319,0.231462814,0.061654678,0.035596345,0.417
AANPYERGPDPTEASLEASSGPFSVSETSVSRLSASGFGGGTIYYPTTTSSGTYGAVAISPGYTATQSSIAWLGPRLASHGFVVITIDTNTTFDQPDSRAEQLMAALNYLVNRSSVRSRIDSSRLAVMGHSMGGGGTLRAAEDNPSLKAAIPLTPWHTNKNWSSVRVPTLIIGAENDTIAPVSSHAKPFYNSLPSSTPKAYLELNGASHFAPNSSNTTIGKYSVSWLKRFVDNDTRYSQFLCPAPHDDSAISEYRSTCPY,547_55_R101E,V - Alternate Reconstructions,0.072,0.051,0.062,0.061666667,0.010503968,0.006064469,0.090974499,0.051,0.040872984,0.060949161,0.026491127,0.015294659,0.379
AANPYERGPDPTEASLEASSGPFSVSETSVSRLSASGFGGGTIYYPTTTSSGTYGAVAISPGYTATQSSIAWLGPRLASHGFVVITIDTNTTFDQPDSRARQLMAALNYLVNRSSVRSRIDSSRLAVMGHSMGGGGTLRAAEDNPSLKAAIPLTPWHTNKNWSSVKVPTLIIGAENDTIAPVSSHAKPFYNSLPSSTPKAYLELNGASHFAPNSSNTTIGKYSVSWLKRFVDNDTRYSQFLCPAPHDDSAISEYRSTCPY,547_55_R166K,V - Alternate Reconstructions,0.201,0.308,0.258,0.255666667,0.053538148,0.030910264,0.253970476,0.308,0.170084353,0.244018276,0.069494361,0.040122588,0.413
AANPYERGPDPTEASLEASSGPFSVSETSVSPLSASGFGGGTIYYPTTTSSGTYGAVAISPGYTATQSSIAWLGPRLASHGFVVITIDTNTTFDQPDSRARQLMAALNYLVNRSSVRSRIDSSRLAVMGHSMGGGGTLRAAEDNPSLKAAIPLTPWHTNKNWSSVRVPTLIIGAENDTIAPVSSHAKPFYNSLPSSTPKAYLELNGASHFAPNSSNTTIGKYSVSWLKRFVDNDTRYSQFLCPAPHDDSAISEYRSTCPY,547_55_R32P,V - Alternate Reconstructions,0.065,0.109,0.159,0.111,0.047031904,0.027153882,0.082129756,0.109,0.104819427,0.098649728,0.01445861,0.008347682,0.404
AANPYERGPDPTEASLEASSGPFSVSETSVSRLSASGFGGGTIYYPTTTSSGTYGAVAISPGYTATQSSIAWLGPRLASHGFVVITIDTNTTFDQPDSRARQLMAALNYLVNRSSVRSRIDSSRLAVMGHSMGGGGTLRAAEDNPSLKAAIPLTPWHTNKNWSSVRVPTLIIGAENDTIAPVSDHAKPFYNSLPSSTPKAYLELNGASHFAPNSSNTTIGKYSVSWLKRFVDNDTRYSQFLCPAPHDDSAISEYRSTCPY,547_55_S184D,V - Alternate Reconstructions,0.286,0.253,0.273,0.270666667,0.016623277,0.009597453,0.361370926,0.253,0.179972978,0.264781301,0.091271043,0.052695361,0.383
AANPYERGPDPTEASLEASSGPFSVSETSVSRLSASGFGGGTIYYPTTTSSGTYGAVAISPGYTATQSSIAWLGPRLASHGFVVITIDTNTTFDQPDSRARQLMAALNYLVNRSSVRSRIDSSRLAVMGHSMGGGGTLRAAEDNPSLKAAIPLTPWHTNKNWSSVRVPTLIIGAENDTIAPVSSHAKPFYNSLPASTPKAYLELNGASHFAPNSSNTTIGKYSVSWLKRFVDNDTRYSQFLCPAPHDDSAISEYRSTCPY,547_55_S195A,V - Alternate Reconstructions,0.164,0.178,0.168,0.17,0.007211103,0.004163332,0.207219692,0.178,0.110752602,0.165324098,0.049466997,0.028559784,0.396
AANPYERGPDPTEASLEASSGPFSVSETSVSRLSASGFGGGTIYYPTTTSSGTYGAVAISPGYTATQSSIAWLGPRLASHGFVVITIDTNTTFDQPDSRARQLMAALNYLVNRSSVRSRIDSSRLAVMGHSMGGGGTLRAAEDNPSLKAAIPLTPWHTNKNWSSVRVPTLIIGAENDTIAPVSSHAKPFYNSLPSSTPKAYLELNGASHFAPNASNTTIGKYSVSWLKRFVDNDTRYSQFLCPAPHDDSAISEYRSTCPY,547_55_S214A,V - Alternate Reconstructions,0.652,0.57,0.51,0.577333333,0.071283472,0.041155532,0.823824629,0.57,0.336213255,0.576679295,0.243874297,0.140800891,0.411
AANPYERGPDPTEASLEASSGPFSVSETSVSRLSASGFGGGTIYYPTTTSSGTYGAVAISPGYTATQSSIAWLGPRLASHGFVVITIDTNTTFDQPDSRARQLMAALNYLVNRSSVRSRIDSSRLAVMGHSMGGGGTLRAAEDNPSLKAAIPLTPWHTNKNWSSVRVPTLIIGAENDTIAPVSSHAKPFYNSLPSSTPKAYLELNGASHFAPNSSNTTIGKYSVSWLKRFVDNDTRYNQFLCPAPHDDSAISEYRSTCPY,547_55_S238N,V - Alternate Reconstructions,0.245,0.266,0.241,0.250666667,0.013428825,0.007753136,0.309566003,0.266,0.158877244,0.244814416,0.077546098,0.04477126,0.377
AANPYERGPDPTEASLEASSGPFSVSETSVSRLSASGFGGGTIYYPTTTSSGTYGAVAISPGYTATQSSIAWLGPRLASHGFVVITIDTNTTFDQPDSRARQLMAALNYLVNRSSVRSRIDSSRLAVMGHSMGGGGTLRAAEDNPSLKAAIPLTPWHTNKNWSSVRVPTLIIGAENDTIAPVSSHAKPFYNSLPSSTPKAYLELNGASHFAPNSSNTTIGKYSVSWLKRFVDNDTRYSQFLCPAPHDDSAISEYRDTCPY,547_55_S256D,V - Alternate Reconstructions,0.339,0.24,0.265,0.281333333,0.051481388,0.029722793,0.428338266,0.24,0.174699044,0.281012437,0.131699387,0.076036677,0.403
AANPYERGPDPTEASLEASSGPFSVSETTVSRLSASGFGGGTIYYPTTTSSGTYGAVAISPGYTATQSSIAWLGPRLASHGFVVITIDTNTTFDQPDSRARQLMAALNYLVNRSSVRSRIDSSRLAVMGHSMGGGGTLRAAEDNPSLKAAIPLTPWHTNKNWSSVRVPTLIIGAENDTIAPVSSHAKPFYNSLPSSTPKAYLELNGASHFAPNSSNTTIGKYSVSWLKRFVDNDTRYSQFLCPAPHDDSAISEYRSTCPY,547_55_S29T,V - Alternate Reconstructions,0.156,0.09,0.122,0.122666667,0.03300505,0.019055475,0.197111414,0.09,0.080427485,0.122512966,0.064781206,0.037401447,0.41
AANPYERGPDPTEASLEASSGPFSVSETSVSRLSATGFGGGTIYYPTTTSSGTYGAVAISPGYTATQSSIAWLGPRLASHGFVVITIDTNTTFDQPDSRARQLMAALNYLVNRSSVRSRIDSSRLAVMGHSMGGGGTLRAAEDNPSLKAAIPLTPWHTNKNWSSVRVPTLIIGAENDTIAPVSSHAKPFYNSLPSSTPKAYLELNGASHFAPNSSNTTIGKYSVSWLKRFVDNDTRYSQFLCPAPHDDSAISEYRSTCPY,547_55_S36T,V - Alternate Reconstructions,0.319,0.15,0.214,0.227666667,0.085324869,0.049262336,0.403067572,0.15,0.141077719,0.231381764,0.148751183,0.085881535,0.387
AANPYERGPDPTEASLEASSGPFSVSETSVSRLSASGFGGGTIYYPTTTGSGTYGAVAISPGYTATQSSIAWLGPRLASHGFVVITIDTNTTFDQPDSRARQLMAALNYLVNRSSVRSRIDSSRLAVMGHSMGGGGTLRAAEDNPSLKAAIPLTPWHTNKNWSSVRVPTLIIGAENDTIAPVSSHAKPFYNSLPSSTPKAYLELNGASHFAPNSSNTTIGKYSVSWLKRFVDNDTRYSQFLCPAPHDDSAISEYRSTCPY,547_55_S50G,V - Alternate Reconstructions,0.184,0.176,0.164,0.174666667,0.010066446,0.005811865,0.232490386,0.176,0.108115635,0.172202007,0.062274298,0.035954083,0.394
AANPYERGPDPTEASLEASSGPFSVSETSVSRLSASGFGGGTIYYPTTTSAGTYGAVAISPGYTATQSSIAWLGPRLASHGFVVITIDTNTTFDQPDSRARQLMAALNYLVNRSSVRSRIDSSRLAVMGHSMGGGGTLRAAEDNPSLKAAIPLTPWHTNKNWSSVRVPTLIIGAENDTIAPVSSHAKPFYNSLPSSTPKAYLELNGASHFAPNSSNTTIGKYSVSWLKRFVDNDTRYSQFLCPAPHDDSAISEYRSTCPY,547_55_S51A,V - Alternate Reconstructions,0.061,0.107,0.083,0.083666667,0.023007245,0.013283239,0.077075617,0.107,0.054717059,0.079597559,0.026232549,0.015145369,0.389
AANPYERGPDPTEASLEASSGPFSVSETSVSRLSASGFGGGTIYYPTTTSSGTYGAVAISPGYTATQSSIAWLGPRLASHGFVVITIDTNTTFDQPDSRARQLMAALNYLVNRSSVRSRIDSSRLAVMGHSMGGGGTLRAAEDNPSLKAAIPLTPWHPNKNWSSVRVPTLIIGAENDTIAPVSSHAKPFYNSLPSSTPKAYLELNGASHFAPNSSNTTIGKYSVSWLKRFVDNDTRYSQFLCPAPHDDSAISEYRSTCPY,547_55_T158P,V - Alternate Reconstructions,0.316,0.219,0.274,0.269666667,0.048644972,0.028085188,0.399276968,0.219,0.180632219,0.266303062,0.116745733,0.067403181,0.372
AANPYERGPDPTEASLEASSGPFSVSETSVSRLSASGFGGGTIYYPTTTSSGTYGAVAISPGYTATQSSIAWLGPRLASHGFVVITIDTNTTFDQPDSRARQLMAALNYLVNRSSVRSRIDSSRLAVMGHSMGGGGTLRAAEDNPSLKAAIPLTPWHTNKNWSSVRVPTLIIGAENDTIAPVSSHAKPFYNSLPSSTPKAYLELNGASHFAPNSSNTAIGKYSVSWLKRFVDNDTRYSQFLCPAPHDDSAISEYRSTCPY,547_55_T218A,V - Alternate Reconstructions,0.212,0.158,0.289,0.219666667,0.065835654,0.038010233,0.267869358,0.158,0.190520845,0.205463401,0.056438276,0.032584654,0.379
AANPYERGPDPTEASLEASSGPFSVSETSVSRLSASGFGGGTIYYPTTTSSGTYGAVAISPGYTATQSSIAWLGPRLASHGFVVITIDTNSTFDQPDSRARQLMAALNYLVNRSSVRSRIDSSRLAVMGHSMGGGGTLRAAEDNPSLKAAIPLTPWHTNKNWSSVRVPTLIIGAENDTIAPVSSHAKPFYNSLPSSTPKAYLELNGASHFAPNSSNTTIGKYSVSWLKRFVDNDTRYSQFLCPAPHDDSAISEYRSTCPY,547_55_T91S,V - Alternate Reconstructions,0.113,0.087,0.081,0.093666667,0.017009801,0.009820613,0.142779422,0.087,0.053398576,0.094392666,0.045146678,0.026065447,0.329
AANPYERGPDPTEASLEASSGPFSVSETSVSRLSASGFGGGTIYYPTTTSSGTYGAVAISPGYTATQSSIAWLGPRLASHGFVVITIDTNTTFDQPDSRARQLMAALNYLVNRSSVRSRIDSSRLAVMGHSMGGGGTLRAAEDNPSLKAAIPLTPWHTNKNWSSIRVPTLIIGAENDTIAPVSSHAKPFYNSLPSSTPKAYLELNGASHFAPNSSNTTIGKYSVSWLKRFVDNDTRYSQFLCPAPHDDSAISEYRSTCPY,547_55_V165I,V - Alternate Reconstructions,0.328,0.252,0.225,0.268333333,0.05340724,0.030834684,0.414439384,0.252,0.148329377,0.271589587,0.134132203,0.077441264,0.413
AANPYERGPDPTEASLEASSGPFSVSETSVSRLSASGFGGGTIYYPTTTSSGTYGAVAISPGYTATQSSIAWLGPRLASHGFVVITIDTNTTFDQPDSRARQLMAALNYLVNRSSVRSRIDSSRLAVMGHSMGGGGTLRAAEDNPSLKAAIPLTPWHTNKNWSSVRVPTLIIGAENDTIAPVSSHAKPFYNSLPSSTPKAYLELNGASHFAPNSSNTTIGKYSVSWLKRFVDNDTRYSQFLCPAPHDDSAISEYRSTCPI,547_55_Y260I,V - Alternate Reconstructions,0.724,0.784,0.565,0.691,0.113168017,0.065337585,0.914799128,0.784,0.372471547,0.690423559,0.283014512,0.163398505,0.409
ADNPYERGPDPTESSIEASRGPFAVSQTSVSRLSVSGFGGGTIYYPTSTSEGTFGAVAISPGYTATQSSIAWLGPRLASQGFVVFTIDTNTRYDQPDSRGRQLLAALDYLTQRSSVRSRIDPSRLAVMGHSMGGGGTLEAAEDRPSLKAAIPLTPWNTDKNWSSVRVPTLIIGAENDTVAPVSSHAKPFYNSLPSSPEKAYLELNGASHFAPNSSNTTIAKYSISWLKRFVDDDTRYDQFLCPAPSSDSAISEYRSTCPY,55_545,V - Alternate Reconstructions,0.015,0.013,0.004,0.010666667,0.005859465,0.003382964,0.018953021,0.013,0.002636967,0.011529996,0.00825676,0.004767043,0.388
ADNPYERGPDPTESSIEASRGPFAVSETSVSRLSVSGFGGGTIYYPTDTSEGTFGAVAISPGYTATQSSIAWLGPRLASQGFVVFTIDTNTTYDQPDSRARQLLAALDYLTNRSSVRSRIDPSRLAVMGHSMGGGGTLRAAEDNPSLKAAIPLTPWHTDKNWSSVRVPTLIIGAENDTVAPVSSHAKPFYNSLPSSPPKAYLELNGASHFAPNSSNTTIAKYSISWLKRFVDDDTRYDQFLCPAPSSDSAISEYRSTCPY,55_546,V - Alternate Reconstructions,0.058,0.082,0.12,0.086666667,0.031262331,0.018049315,0.073285013,0.082,0.079109001,0.078131338,0.004438988,0.002562851,0.393
MAANPYERGPDPTEASLEASSGPFSVSETSVSRLSASGFGGGTIYYPTTTSSGTYGAVAISPGYTATQSSIAWLGPRLASHGFVVITIDTNTTFDQPDSRARQLMAALNYLVNRSSVRSRIDSSRLAVMGHSMGGGGTLRAAEDNPSLKAAIPLTPWHTNKNWSSVRVPTLIIGAENDTIAPVSSHAKPFYNSLPSSTPKAYLELNGASHFAPNSSNTTIGKYSVSWLKRFVDNDTRYSQFLCPAPHDDSAISEYRSTCPY,55_547,II - ASR,0.35,0.581,1.133,0.688,0.402317039,0.232277851,0.442237148,0.581,0.74692082,0.590052656,0.15254343,0.08807099,0.372
QANPYQRGPDPTSASLEASSGPFSVSTTSVSRLSASGFGGGTIYYPTTTSSGTYGAVAISPGYTATQSSIAWLGPRLASHGFVVITIDTNSTFDQPDSRATQLMAALNYVVNSSPVRSRVDSSRLAVMGHSMGGGGTLRAAEDNPSLKAAIPLTPWHTNKNFSSVRVPTLIIGAENDTIAPVSSHAKPFYNSLPSSTPKAYLELNGASHFAPNSSNTTIGKYSVSWMKRFVDNDTRYSPFLCGAPHDDAAISEYRSNCPY,55_548,V - Alternate Reconstructions,0.161,0.186,0.29,0.212333333,0.068412962,0.039498242,0.203429088,0.186,0.191180086,0.193536391,0.008950274,0.005167443,0.405
QANPYQRGPDPTSASLEASSGPFSVSTSSVSRLSASGFGGGTIYYPTTTSSGRYGVVAISPGYTATQSSIAWLGRRLASHGFVVITIDTNSTFDQPDSRATQLMAALNYVVNSSPVRSRVDASRLAVAGHSMGGGGTLRAAEDNPSLKAAIPLTPWHTDKNFSSVRVPTLIIGAENDTVAPVSSHAKPFYNSLPSSTPKAYVELNGASHFAPNSSNTPIGRYSVSWMKRFVDNDTRYSPFLCGAPHDDSAISEYRSNCPY,55_612,V - Alternate Reconstructions,0.146,0.174,0.127,0.149,0.023643181,0.013650397,0.184476067,0.174,0.083723693,0.14739992,0.055393442,0.031981419,0.387
QANPYQRGPDPTSASLTASDGPFSVSTSSVSRLSASGFGGGTIYYPTTTSSGRYGVVAISPGYTATQSSIAWLGRRLASHGFVVITIDTNSTFDQPDSRATQLMAALNYVVNSSAVRSRVDASRLAVAGHSMGGGGTLRAAEDNPSLKAAVPLTPWHTDKNFSSVTVPTLIIGAENDTVAPVSSHAIPFYNSLPSSTPKAYVELNGASHFAPNSSNTPISRYSVSWMKRFVDNDTRYSPFLCGAPHDDSAISEFRSNCPY,55_613,V - Alternate Reconstructions,0.017,0.048,0.019,0.028,0.017349352,0.010016653,0.02148009,0.048,0.012525592,0.027335227,0.018447774,0.010650828,0.37
CAAPQQIGPDPTSASLNATAGPFAVSTSTVTLLSPRGFGGGTIYYPTTTSSGRYGVVAISPGFTATQSSIAWLGRRLATHGLVVITINTNTTLDQPASRATQLMAALNHVVNSSTVRSRVDSTRLAVAGHSMGGGGALIAAENNPTLKAALPLTPWNLSTSFTQVRVPTLIVGADGDTVASVAAHARPFYASLPASTFKAYAELNGATHFTPNSTNTPIGRYGVAWMKRFVDADTRYSPFLCGAAHQDAVFDRYNQNCPY,55_638,V - Alternate Reconstructions,0,-0.001,-0.001,-0.000666667,0.00057735,0.000333333,0,-0.001,-0.000659242,-0.000553081,0.000508382,0.000293515,0.372
AANPYERGPNPTDALLEARSGPFSVSEENVSRLSASGFGGGTIYYPRENSENTYGAVAISPGYTGTQASIAWLGERIASHGFVVITIDTNTTLDQPDSRARQLNAALNYMINRSTVRSRIDSSRLAVMGHSMGGGGTLRLASQRPDLKAAIPLTPWHLNKNWSSVTVPTLIIGADLDTIAPVATHAKPFYNSLPSSISKAYLELDGATHFAPNIPNKIIGKYSVAWLKRFVDNDTRYTQFLCPGPRDGGEVEEYRSTCPF,55_639,V - Alternate Reconstructions,0.249,0.118,0.118,0.161666667,0.075632885,0.043666667,0.314620142,0.118,0.077790518,0.170136887,0.12673105,0.073168206,0.621
MAENPYERGPDPTESSIEATRGPFAVSQTSVSSLSVSGFGGGTIYYPTSTSEGTFGAVAISPGYTATQSSIAWLGPRLASQGFVVFTIDTNTRYDQPASRGDQLLAALDYLTQRSSVRSRIDASRLAVMGHSMGGGGTLEAAKDRPSLQAAIPLTPWNLDKNWSEVRVPTLIIGAENDTVAPVSSHSEPFYNSLPSSPDKAYLELNGASHFAPNSSNTTIAKYSISWLKRFVDDDTRYEQFLCPAPSPDSAISEYRDTCPH,60_446,II - ASR,-0.001,-0.001,-0.002,-0.001333333,0.00057735,0.000333333,-0.001263535,-0.001,-0.001318483,-0.001194006,0.000170246,9.83E-05,0.36
MAENPYERGPDPTESSIEATRGPFAVSQTSVSRLSVSGFGGGTIYYPTSTSEGTFGAVAISPGYTATQSSIAWLGPRLASQGFVVITIDTNSRYDQPASRGDQLLAALDYLTQSSSVRSRIDPSRLAVMGHSMGGGGTLEAAKDRPSLKAAIPLTPWNTDKNWSEVRVPTLIIGAENDTVAPVSSHAEPFYNSLPSSPEKAYLELNGASHFAPNSSNTTIAKYSISWLKRFVDDDTRYDQFLCPAPSPDSAISEYRSTCPH,60_447,II - ASR,0.046,0.005,0.006,0.019,0.023388031,0.013503086,0.058122597,0.005,0.00395545,0.022359349,0.030976284,0.017884166,0.351
MAENPYERGPDPTEASIEAERGPFAIAQVSVPAGSGSGFGGGTIYYPTDTSQGTFGAVAISPGFTATEASIAWLGPRLASQGFVVITIDTNSRYDQPSARADQLLAALDYLTQSSSVRSRIDPNRLAVMGHSMGGGGTLEAAENRPSLKAAIPLAPWNTNKNWSSVRVPTMIIGAQNDTIAPVGSHAEPFYNSLPASPEKAYLELNGADHFAPTSSNTTIAKYSISWLKRFVDDDTRYDQFLCPAPSPDSAISEYRSTCPH,60_449,II - ASR,0.003,0.002,0.001,0.002,0.001,0.00057735,0.003790604,0.002,0.000659242,0.002149949,0.001571057,0.00090705,0.363
MADNPYERGPAPTESSIEASRGPFAVSQTSVSSLSVSGFGGGTIYYPTSTSEGTFGAVAISPGYTATQSSIAWLGPRLASQGFVVFTIDTNTRYDQPDSRGRQLLAALDYLTQRSSVRSRIDASRLGVMGHSMGGGGTLEAAEDRPSLQAAIPLTPWNLDKNWSSVRVPTMIIGAENDTIAPVSSHSEPFYTSLPSSLDKAYLELNGASHFAPNTSNTTIAKYSISWLKRFIDNDTRYEQFLCPAPSRDTTISEYRDTCPH,65_416,II - ASR,0.006,0.006,0.002,0.004666667,0.002309401,0.001333333,0.007581208,0.006,0.001318483,0.004966564,0.00325675,0.001880286,0.383
MADNPYERGPAPTEASIEASRGPFAISQVSVPSASGSGFGGGTIYYPTDTSQGTFGAVAISPGFTATEASIAWLGPRLASQGFVVITIDTNSRYDQPDSRGKQLLAALDYLTQKSSVRSRIDPNRLAVMGHSMGGGGTLEAAENRPSLKAAIPLTPWHTDKNWSSVRVPTMIIGAENDTIAPVGSHAEPFYNSLPSSPEKAYLELKGADHFAPTSSNTTIAKYSISWLKRFVDDDTRYDQFLCPAPSSDSAISEYRDTCPH,65_428,II - ASR,0.003,0.001,0.001,0.001666667,0.001154701,0.000666667,0.003790604,0.001,0.000659242,0.001816615,0.001717994,0.000991884,0.363
MADNPYERGPDPTESSIEASRGPFAVSQTSVSSLSVSGFGGGTIYYPTDTSEGTFGAVAISPGYTASQSSIAWLGPRLASQGFVVITIDTNSRYDQPDSRGRQLLAALDYLTQRSSVRSRIDPNRLAVMGHSMGGGGTLEAAEDRPSLKAAIPLTPWHTDKNWSEVRVPTMIIGAENDTIAPVSSHAEPFYNSLPSSPEKAYLELNGASHFAPNTSNTTIAKYSISWLKRFVDDDTRYDQFLCPAPSPDSAISEYRDTCPH,70_421,II - ASR,0.013,0.015,0.009,0.012333333,0.00305505,0.001763834,0.016425951,0.015,0.005933175,0.012453042,0.005691207,0.00328582,0.352
MAANPYERGPDPTESSLEASSGPFSVSQTSVSRLSVSGFGGGTIYYPTDTSSGTYGAVAISPGYTATQSSIAWLGPRLASHGFVVITIDTNSTFDQPDSRARQLMAALDYLVNSSSVRSRIDSNRLAVMGHSMGGGGTLRAAEDNPSLKAAIPLTPWHTNKNWSSVRVPTLIIGAENDTIAPVSSHAKPFYNSLPSSTSKAYLELNGASHFAPNTSNTTIGKYSVSWLKRFVDNDTRYSQFLCPAPHDDSAISEYRSTCPY,70_439,II - ASR,0.277,0.426,0.677,0.46,0.20215588,0.116714752,0.349999114,0.426,0.446306615,0.407435243,0.050766833,0.029310245,0.376
MQANPYQRGPDPTSSSLEASSGPFSVSTTSVSRLSVSGFGGGTIYYPTNTSSGTYGAVAISPGYTATQSSIAWLGPRLASHGFVVITIDTNSTFDQPDSRATQLMAALNYVVNSSPVRSRVDSNRLAVMGHSMGGGGTLRAAEDNPSLKAAIPLTPWHTNKNFSSVRVPTLIIGAENDTIAPVSSHAKPFYNSLPSSTSKAYLELNGASHFAPNSSNTTIGKYSVSWMKRFVDNDTRYSQFLCPAPHDDSAISEYRSTCPY,70_440,II - ASR,0.231,0.339,0.471,0.347,0.120199834,0.069397407,0.291876517,0.339,0.31050283,0.313793116,0.023733418,0.013702495,0.375
MAANPYERGPDPTESSLEASSGPFSVSETSVSRLSVSGFGGGTIYYPTDTSEGTYGAVAISPGYTATQSSIAWLGPRLASHGFVVITIDTNSTFDQPDSRARQLQAALNYLVNSSSVRSRIDSNRLAVMGHSMGGGGTLRAAEDNPSLKAAIPLTPWHTNKNWSSVTVPTLIIGAENDTIAPVSSHAKPFYNSLPSSTSKAYLELNGASHFAPNSSNTTIGKYSISWLKRFVDNDTRYSQFLCPAPHDDSAISEYRSTCPY,75_539,II - ASR,0,-0.001,-0.001,-0.000666667,0.00057735,0.000333333,0,-0.001,-0.000659242,-0.000553081,0.000508382,0.000293515,0.361
MAENPYERGPDPTNASIEASRGPFAVSETSVSRLSASGFGGGTIYYPTSTSEGTFGAVAISPGYTGTQSSISWLGPRLASHGFVVITIDTNTTLDQPDSRASQLLAALDYLTQRSTVRSRIDASRLGVMGHSMGGGGTLRAAEQRPALQAAIPLTPWHTDKNWSSVRVPTLVIGAENDTIAPVSSHSEPFYTSLPSTLDKAYLELNGASHFAPNSSNTTIAKYSISWLKRFIDNDTRYEQFLCPAPRRGTLIEEYRDTCPH,80_644,II - ASR,0.003,0,-0.001,0.000666667,0.002081666,0.00120185,0.003790604,0,-0.000659242,0.001043787,0.002401541,0.001386531,0.371
MAANPYERGPDPTNASLEASSGPFSVSETSVSRLSASGFGGGTIYYPTSTSEGTYGAVAISPGYTGTQSSIAWLGPRLASHGFVVITIDTNTTLDQPDSRASQLMAALNYLVNRSTVRSRIDASRLAVMGHSMGGGGTLRAAEQRPSLKAAIPLTPWHTDKNWSSVRVPTLIIGAENDTIAPVSSHAKPFYNSLPSTISKAYLELNGASHFAPNSSNTTIGKYSISWLKRFVDNDTRYSQFLCPAPRQGALIEEYRDTCPY,80_645,II - ASR,0.075,0.059,0.044,0.059333333,0.015502688,0.008950481,0.094765103,0.059,0.029006634,0.060923912,0.032921424,0.019007193,0.402
MQANPYQRGPDPTSASLEASSGPFSVSTTSVSRLSASGFGGGTIYYPTSTSSGTYGAVAISPGYTATQSSIAWLGRRLASHGFVVITIDTNTTLDQPDSRATQLMAALNYLVNRSTVRSRIDASRLAVMGHSMGGGGTLRAAEQNPSLKAAIPLTPWHTDKNFSSVRVPTLIIGAENDTIAPVSSHAKPFYNSLPSTTSKAYLELNGASHFAPNSSNTPIGKYSISWMKRFVDNDTRYSQFLCGAPHQGAVISEYRDNCPY,80_646,II - ASR,0.197,0.155,0.117,0.156333333,0.040016663,0.023103631,0.248916337,0.155,0.077131276,0.160349205,0.086017366,0.04966215,0.392
MQANPYQRGPDPTSASLEASSGPFSVSTTSVSRLSASGFGGGTIYYPTTTSSGKYGAVAISPGYTATQSSIAWLGRRLASHGFVVITIDTNTTLDQPDSRATQLMAALNYVVNSSTVRSRVDASRLAVMGHSMGGGGTLIAAENNPSLKAAIPLTPWHTSKNFSSVRVPTLIIGAENDTIAPVSSHAKPFYNSLPSTTSKAYLELNGASHFAPNSSNTPIGKYSISWMKRFVDNDTRYSPFLCGAPHQGAVISEYRDNCPY,80_647,II - ASR,0.041,0.03,0.018,0.029666667,0.011503623,0.00664162,0.051804923,0.03,0.01186635,0.031223758,0.01999739,0.011545498,0.374
ADNPYERGPDPTESSIEASRGPFAVSQTSVSSLSVSGFGGGTIYYPTDTSEGTFGAVAISPGYTATQSSIAWLGPRLASQGFVVITIDTNSRYDQPDSRGRQLLAALDYLTQRSSVRSRIDPSRLAVMGHSMGGGGTLEAAEDRPSLKAAIPLTPWHTDKNWSSVRVPTMIIGAENDTIAPVSSHAEPFYNSLPSSPEKAYLELNGASHFAPNSSNTTIAKYSISWLKRFVDDDTRYDQFLCPAPSPDSAISEYRSTCPH,85_437,V - Alternate Reconstructions,0.026,0.021,0.01,0.019,0.008185353,0.004725816,0.032851902,0.021,0.006592417,0.020148106,0.013150454,0.007592418,0.393
ADNPYERGPDPTESSIEASRGPFAVSQTSVSRLSVSGFGGGTIYYPTDTSEGTFGAVAISPGYTATQSSIAWLGPRLASQGFVVITIDTNSTYDQPDSRARQLLAALDYLTNRSSVRSRIDPSRLAVMGHSMGGGGTLEAAEDNPSLKAAIPLTPWHTDKNWSSVRVPTLIIGAENDTIAPVSSHAKPFYNSLPSSPEKAYLELNGASHFAPNSSNTTIAKYSISWLKRFVDDDTRYDQFLCPAPSNDSAISEYRSTCPY,85_439,V - Alternate Reconstructions,0.01,0.027,0.022,0.019666667,0.008736895,0.005044249,0.012635347,0.027,0.014503317,0.018046221,0.007810246,0.004509248,0.396
MAANPYERGPDPTESSLEASSGPFSVSQTSVSRLSVSGFGGGTIYYPTDTSSGTYGAVAISPGYTATQSSIAWLGPRLASHGFVVITIDTNSTFDQPDSRARQLMAALDYLVNRSPVRSRIDSSRLAVMGHSMGGGGTLRAAEDNPSLKAAIPLTPWHTDKNWSSVRVPTLIIGAENDTIAPVSSHAKPFYNSLPSSTSKAYLELNGASHFAPNSSNTTIGKYSVSWLKRFVDNDTRYSQFLCPAPHDDSAISEYRSTCPY,85_456,II - ASR,0.248,0.401,0.602,0.417,0.177541544,0.102503658,0.313356608,0.401,0.396863489,0.370406699,0.0494501,0.028550028,0.387
MAANPYERGPDPTEQSVTASRGPFATSQTTVPSLSASGFGGGTIYYPTDTSQGTFGAVAISPGYTSPEASIAWLGPRLASQGFVVITIETNSRYDQPDSRGRQLLAALDYLTQRSSVRSRIDPNRLAVMGHSMGGGGTLEAAENRPSLKAAIPLAPWHTDKNWSSVRVPTMIIGAENDTIAPVGSHAEPFYNSLTSAPEKAYLELNGADHFTFTSSNTTIAKYSISWLKRFVDDDTRYDQFLCPAPSPDSAISEYRSTCPH,85_567,II - ASR,0.008,0.006,0.007,0.007,0.001,0.00057735,0.010108278,0.006,0.004614692,0.006907656,0.002857053,0.00164952,0.657
MADNPYERGPDPTESSIEASRGPFAVSQTSVSSLSVSGFGGGTIYYPTSTSEGTFGAVAISPGYTATQSSIAWLGPRLASQGFVVITIDTNSRYDQPDSRGDQLLAALDYLTQRSSVRSRIDPSRLAVMGHSMGGGGTLEAAEDRPSLKAAIPLTPWNTDKNWSSVRVPTLIIGAENDTIAPVSSHAEPFYNSLPSSPEKAYLELNGASHFAPNSSNTTIAKYSISWLKRFVDNDTRYEQFLCPAPSSDSTISEYRDTCPH,90_444,II - ASR,0.001,0.001,0.001,0.001,0,0,0.001263535,0.001,0.000659242,0.000974259,0.000302968,0.000174919,0.362
MQANPYQRGPDPTSSSLEASSGPFSVSTTSVSRLSVSGFGGGTIYYPTNTSSGTYGAVAISPGYTATQSSIAWLGPRLASHGFVVITIDTNSTFDQPDSRATQLMAALDYVVNSSPVRSRVDSSRLAVMGHSMGGGGTLRAAEDNPSLKAAIPLTPWHTDKNFSSVRVPTLIIGAENDTVAPVSSHAKPFYNSLPSSTPKAYLELNGASHFAPNSSNTTIGKYSVSWMKRFVDNDTRYSQFLCPAPHDDSAISEYRSTCPY,95_544,II - ASR,0.091,0.071,0.106,0.089333333,0.017559423,0.010137938,0.114981658,0.071,0.069879618,0.085287092,0.02572235,0.014850805,0.375
AANPYERGPDPTDSSLEASSGPFSVSQTSVSRLSASGFGGGTIYYPTTTSEGTYGAVAISPGYTATQSSIAWLGPRLASHGFVVITIDTNTTFDQPDSRARQLMAALNYLVNRSSVRSRIDSSRLAVMGHSMGGGGTLRAAEDNPSLKAAIPLTPWHTNKNWSSVRVPTLIIGAENDTIAPVSSHAKPFYNSLPASTPKAYLELNGASHFAPNSSNTTIGKYSIAWLKRFVDNDTRYSQFLCPAPSDDSAISEYRSTCPY,AncD3_E13D/E27Q/S195A/S51A/H246S,IX - Recombinations,0.365,0.878,1.368,0.870333333,0.50154395,0.289566535,0.461190168,0.878,0.901842614,0.747010927,0.247814946,0.143076026,0.447
AANPYERGPDPTDSSLEASSGPFSVSETSVSRLSASGFGGGTIYYPTTTSEGTYGAVAISPGYTATQSSIAWLGPRLASHGFVVITIDTNTTFDQPDSRARQLMAALNYLVNRSSVRSRIDSSRLAVMGHSMGGGGTLRAAEDNPSLKAAIPLTPWHTNKNWSSVRVPTLIIGAENDTIAPVSSHAKPFYNSLPSSTPKAYLELNGASHFAPNSSNTTIGKYSIAWLKRFVDNDTRYSQFLCPAPSDDSAISEYRSTCPY,AncD3_E13D/H246S,IX - Recombinations,0.494,0.792,1.367,0.884333333,0.443763826,0.256207164,0.624186146,0.792,0.901183372,0.772456506,0.139528947,0.080557075,0.417
AANPYERGPDPTESSLEASSGPFSVSQTSVSRLSVSGFGGGTIYYPTTTSEGTYGAVAISPGYTATQSSIAWLGPRLASHGFVVITIDTNTTFDQPDSRARQLMAALNYLVNRSSVRSRIDSSRLAVMGHSMGGGGTLRAAEDNPSLKAAIPLTPWHTNKNWSSVRVPTLIIGAENDTIAPVSSHAKPFYNSLPSSTPKAYLELNGASHFAPNSSNTTIGKYSIAWLKRFVDNDTRYSQFLCPAPHDDSAISEYRSTCPY,AncD3_E27Q/A35V,IX - Recombinations,0.526,0.491,1.561,0.859333333,0.607913097,0.35097879,0.664619256,0.491,1.029076257,0.728231838,0.274620529,0.158552236,0.366
AANPYERGPDPTDSSLEASSGPFSVSQTSVSRLSASGFGGGTIYYPTTTSEGTYGAVAISPGYTATQSSIAWLGPRLASHGFVVITIDTNTTFDQPDSRARQLMAALNYLVNRSSVRSRIDSSRLAVMGHSMGGGGTLRAAEDNPSLKAAIPLTPWHTNKNWSSVRVPTLIIGAENDTIAPVSSHAKPFYNSLPSSTPKAYLELNGASHFAPNSSNTTIGKYSIAWLKRFVDNDTRYSQFLCPAPHDDSAISEYRSTCPY,AncD3_E27Q/E13D,IX - Recombinations,0.208,0.486,0.706,0.466666667,0.249562283,0.144084851,0.262815219,0.486,0.465424624,0.404746614,0.123345966,0.071213826,0.369
AANPYERGPDPTDSSLEASSGPFSVSQTSVSRLSVSGFGGGTIYYPTTTSEGTYGAVAISPGYTATQSSIAWLGPRLASHGFVVITIDTNTTFDQPDSRARQLMAALNYLVNRSSVRSRIDSSRLAVMGHSMGGGGTLRAAEDNPSLKAAIPLTPWHTNKNWSSVRVPTLIIGAENDTIAPVSSHAKPFYNSLPSSTPKAYLELNGASHFAPNSSNTTIGKYSIAWLKRFVDNDTRYSQFLCPAPHDDSAISEYRSTCPY,AncD3_E27Q/E13D/A35V,IX - Recombinations,0.422,0.53,1.189,0.713666667,0.415177472,0.239702825,0.533211647,0.53,0.783838353,0.615683333,0.145635373,0.084082622,0.427
AANPYERGPDPTDSSLEASSGPFSVSQTSVSRLSASGFGGGTIYYPTTTSEGTYGAVAISPGYTATQSSIAWLGPRLASHGFVVITIDTNTTFDQPDSRARQLMAALNYLVNRSSVRSRIDSSRLAVMGHSMGGGGTLRAAEDNPSLKAAIPLTPWHTNKNWSSVRVPTLIIGAENDTIAPVSSHAKPFYNSLPASTPKAYLELNGASHFAPNSSNTTIGKYSIAWLKRFVDNDTRYSQFLCPAPHDDSAISEYRSTCPY,AncD3_E27Q/E13D/S195A,IX - Recombinations,0.491,0.74,1.396,0.874,0.516896508,0.298430338,0.620395542,0.74,0.92030138,0.760232307,0.150973136,0.087164381,0.452
AANPYERGPDPTDSSLEASSGPFSVSQTSVSRLSVSGFGGGTIYYPTTTSEGTYGAVAISPGYTATQSSIAWLGPRLASHGFVVITIDTNTTFDQPDSRARQLMAALNYLVNRSSVRSRIDSSRLAVMGHSMGGGGTLRAAEDNPSLKAAIPLTPWHTNKNWSSVRVPTLIIGAENDTIAPVSSHAKPFYNSLPASTPKAYLELNGASHFAPNSSNTTIGKYSIAWLKRFVDNDTRYSQFLCPAPHDDSAISEYRSTCPY,AncD3_E27Q/E13D/S195A/A35V,IX - Recombinations,0.427,0.721,1.96,1.248,0.941073642,0.543329121,0.53952932,0.721,1.292113686,0.850881002,0.392743699,0.22675068,0.648
AANPYERGPDPTESSLEASSGPFSVSQTSVSRLSASGFGGGTIYYPTTTSEGTYGAVAISPGYTATQSSIAWLGPRLASHGFVVITIDTNTTLDQPDSRARQLMAALNYLVNRSSVRSRIDSSRLAVMGHSMGGGGTLRAAEDNPSLKAAIPLTPWHTNKNWSSVRVPTLIIGAENDTIAPVSSHAKPFYNSLPSSTPKAYLELNGASHFAPNSSNTTIGKYSIAWLKRFVDNDTRYSQFLCPAPHDDSAISEYRSTCPY,AncD3_E27Q/F93L,IX - Recombinations,0.521,1.173,1.716,0.978166667,0.51655374,0.298232441,0.658301583,1.173,1.131258717,0.9875201,0.285874461,0.165049697,0.431
AANPYERGPDPTESSLEASSGPFSVSQTSVSRLSASGFGGGTIYYPTTTSEGTYGAVAISPGYTATQSSIAWLGPRLASHGFVVITIDTNTTLDQPDSRARQLMAALNYLVNRSSVRSRIDSSRLAVMGHSMGGGGTLRAAEDNPSLKAAIPLTPWHTNKNWSSVRVPTLIIGAENDTIAPVSSHAKPFYNSLPSSTPKAYLELNGASHFAPNSSNTTIGKYSIAWLKRFVDNDTRYSQFLCPAPSDDSAISEYRSTCPY,AncD3_E27Q/F93L/H246S,IX - Recombinations,0.344,0.649,1.895,0.804333333,0.592949801,0.342339727,0.434655939,0.649,1.249262977,0.777639639,0.42226446,0.243794499,0.429
AANPYERGPDPTESSLEASSGPFSVSQTSVSRLSASGFGGGTIYYPTTTSEGTYGAVAISPGYTATQSSIAWLGPRLASHGFVVITIDTNTTFDQPDSRARQLMAALNYLVNRSSVRSRIDSSRLAVMGHSMGGGGTLRAAEDNPSLKAAIPLTPWHTNKNWSSVRVPTLIIGAENDTIAPVSSHAKPFYNSLPASTPKAYLELNGASHFAPNSSNTTIGKYSIAWLKRFVDNDTRYSQFLCPAPHDDSAISEYRSTCPY,AncD3_E27Q/S195A,IX - Recombinations,0.804,1.971,1.934,1.141333333,0.716412079,0.413620707,1.015881905,1.971,1.274973402,1.420618436,0.493935219,0.285173632,0.478
AANPYERGPDPTESSLEASSGPFSVSQTSVSRLSVSGFGGGTIYYPTTTSEGTYGAVAISPGYTATQSSIAWLGPRLASHGFVVITIDTNTTFDQPDSRARQLMAALNYLVNRSSVRSRIDSSRLAVMGHSMGGGGTLRAAEDNPSLKAAIPLTPWHTNKNWSSVRVPTLIIGAENDTIAPVSSHAKPFYNSLPASTPKAYLELNGASHFAPNSSNTTIGKYSIAWLKRFVDNDTRYSQFLCPAPHDDSAISEYRSTCPY,AncD3_E27Q/S195A/A35V,IX - Recombinations,0.485,0.792,1.232,0.836333333,0.375468152,0.216776639,0.612814333,0.792,0.812185746,0.739000026,0.109745104,0.063361366,0.574
AANPYERGPDPTESSLEASSGPFSVSQTSVSRLSASGFGGGTIYYPTTTSEGTYGAVAISPGYTATQSSIAWLGPRLASHGFVVITIDTNTTFDQPDSRARQLMAALNYLVNRSSVRSRIDSSRLAVMGHSMGGGGTLRAAEDNPSLKAAIPLTPWHTNKNWSSVRVPTLIIGAENDTIAPVSSHAKPFYNSLPASTPKAYLELNGASHFAPNSSNTTIGKYSIAWLKRFVDNDTRYSQFLCPAPSDDSAISEYRSTCPY,AncD3_E27Q/S195A/S51A/H246S,IX - Recombinations,0.288,0.463,1.253,0.668,0.514125471,0.296830479,0.363897996,0.463,0.826029821,0.550975939,0.243302857,0.14047097,0.397
AANPYERGPDPTESSLEASSGPFSVSQTSVSRLSASGFGGGTIYYPTTTSEGTYGAVAISPGYTATQSSIAWLGPRLASHGFVVITIDTNTTFDQPDSRARQLMAALNYLVNRSSVRSRIDSSRLAVMGHSMGGGGTLRAAEDNPSLKAAIPLTPWHTNKNWSSVRVPTLIIGAENDTIAPVSSHAKPFYNSLPSSTPKAYLELNGASHFAPNSSNTTIGKYSIAWLKRFVDNDTRYSQFLCPAPSDDSAISEYRSTCPY,AncD3_E27Q/S51A/H246S,IX - Recombinations,0.391,0.902,1.292,0.861666667,0.451852114,0.26087694,0.494042071,0.902,0.851740246,0.749260772,0.222449882,0.128431499,0.628
AANPYERGPDPTDSSLEASSGPFSVSETSVSRLSVSGFGGGTIYYPTTTSEGTYGAVAISPGYTATQSSIAWLGPRLASHGFVVITIDTNTTFDQPDSRARQLMAALNYLVNRSSVRSRIDSSRLAVMGHSMGGGGTLRAAEDNPSLKAAIPLTPWHTNKNWSSVRVPTLIIGAENDTIAPVSSHAKPFYNSLPASTPKAYLELNGASHFAPNSSNTTIGKYSIAWLKRFVDNDTRYSQFLCPAPHDDSAISEYRSTCPY,AncD3_S195A/A35V/E13D,IX - Recombinations,0.398,0.602,1.631,0.877,0.660901657,0.38157175,0.502886814,0.602,1.075223174,0.726703329,0.305868301,0.176593146,0.44
AANPYERGPDPTESSLEASSGPFSVSETSVSRLSASGFGGGTIYYPTTTSEGTYGAVAISPGYTATQSSIAWLGPRLASHGFVVITIDTNTTFDQPDSRARQLMAALNYLVNRSSVRSRIDSSRLAVMGHSMGGGGTLRAAEDNPSLKAAIPLTPWHTNKNWSSVRVPTLIIGAENDTIAPVSSHAKPFYNSLPASTPKAYLELNGASHFAPNSSNTTIGKYSIAWLKRFVDNDTRYSQFLCPAPSDDSAISEYRSTCPY,AncD3_S195A/S51A/H246S,IX - Recombinations,0.623,0.506,1.21,0.779666667,0.377243069,0.217801387,0.787182123,0.506,0.797682429,0.696954851,0.16545507,0.095525529,0.391
AANPYERGPDPTESSLEASSGPFSVSETSVSRLSASGFGGGTIYYPTTTSEGTYGAVAISPGYTATQSSIAWLGPRLASHGFVVITIDTNTTLDQPDSRARQLMAALNYLVNRSSVRSRIDSSRLAVMGHSMGGGGTLRAAEDNPSLKAAIPLTPWHTNKNWSSVRVPTLIIGAENDTIAPVSSHAKPFYNSLPSSTPKAYLELNGASHFAPNSSNTTIGKYSIAWLKRFVDNDTRYSQFLCPAPSDDSAISEYRSTCPY,AncD3_S51A/F93L/H246S,IX - Recombinations,0.3,0.628,1.201,0.709666667,0.456017909,0.263282063,0.379060412,0.628,0.791749254,0.599603222,0.207804722,0.119976112,0.485
AANPYERGPDPTDASLEASSGPFSVSQTSVSRLSASGFGGGTIYYPTTTSAGTYGAVAISPGYTATQSSIAWLGPRLASHGFVVITIDTNTTFDQPDSRARQLMAALNYLVNRSSVRSRIDSSRLAVMGHSMGGGGTLRAAEDNPSLKAAIPLTPWHTNKNWSSVRVPTLIIGAENDTIAPVSSHAKPFYNSLPASTPKAYLELNGASHFAPNSSNTTIGKYSVSWLKRFVDNDTRYSQFLCPAPHDDSAISEYRSTCPY,AncG4_E13D/E27Q/S195A/S51A,IX - Recombinations,0.215,0.327,0.553,0.365,0.17217433,0.099404896,0.271659962,0.327,0.364560647,0.321073536,0.046733035,0.02698133,0.375
AANPYERGPDPTDASLEASSGPFSVSQTSVSRLSASGFGGGTIYYPTTTSAGTYGAVAISPGYTATQSSIAWLGPRLASHGFVVITIDTNTTFDQPDSRARQLMAALNYLVNRSSVRSRIDSSRLAVMGHSMGGGGTLRAAEDNPSLKAAIPLTPWHTNKNWSSVRVPTLIIGAENDTIAPVSSHAKPFYNSLPASTPKAYLELNGASHFAPNSSNTTIGKYSVSWLKRFVDNDTRYSQFLCPAPSDDSAISEYRSTCPY,AncG4_E13D/E27Q/S195A/S51A/H246S,IX - Recombinations,0.316,0.516,1.338,0.723333333,0.541628409,0.312709308,0.399276968,0.516,0.882065363,0.59911411,0.251897053,0.145432831,0.674
AANPYERGPDPTDASLEASSGPFSVSETSVSRLSASGFGGGTIYYPTTTSSGTYGAVAISPGYTATQSSIAWLGPRLASHGFVVITIDTNTTFDQPDSRARQLMAALNYLVNRSSVRSRIDSSRLAVMGHSMGGGGTLRAAEDNPSLKAAIPLTPWHTNKNWSSVRVPTLIIGAENDTIAPVSSHAKPFYNSLPSSTPKAYLELNGASHFAPNSSNTTIGKYSVSWLKRFVDNDTRYSQFLCPAPSDDSAISEYRSTCPY,AncG4_E13D/H246S,IX - Recombinations,0.042,0.169,0.561,0.257333333,0.270540816,0.156196813,0.053068458,0.169,0.369834581,0.197301013,0.160268227,0.092530904,0.374
AANPYERGPDPTDASLEASSGPFSVSETSVSRLSASGFGGGTIYYPTTTSAGTYGAVAISPGYTATQSSIAWLGPRLASHGFVVITIDTNTTFDQPDSRARQLMAALNYLVNRSSVRSRIDSSRLAVMGHSMGGGGTLRAAEDNPSLKAAIPLTPWHTNKNWSSVRVPTLIIGAENDTIAPVSSHAKPFYNSLPSSTPKAYLELNGASHFAPNSSNTTIGKYSVSWLKRFVDNDTRYSQFLCPAPHDDSAISEYRSTCPY,AncG4_E13D/S51A,IX - Recombinations,0.281,0.581,0.943,0.601666667,0.331483534,0.191382108,0.355053253,0.581,0.621664901,0.519239385,0.14363573,0.082928127,0.635
AANPYERGPDPTEASLEASSGPFSVSQTSVSRLSASGFGGGTIYYPTTTSSGTYGAVAISPGYTATQSSIAWLGPRLASHGFVVITIDTNTTFDQPDSRARQLMAALNYLVNRSSVRSRIDSSRLAVMGHSMGGGGTLRAAEDNPSLKAAIPLTPWHTNKNWSSVRVPTLIIGAENDTIAPVSSHAKPFYNSLPSSTPKAYLELNGASHFAPNSSNTTIGKYSVSWLKRFVDNDTRYSQFLCPAPHDDSAISEYRSTCPY,AncG4_E27Q,IX - Recombinations,0,-0.002,0.004,0.000666667,0.00305505,0.001763834,0,-0.002,0.002636967,0.000212322,0.002325763,0.00134278,0.373
AANPYERGPDPTEASLEASSGPFSVSQTSVSRLSVSGFGGGTIYYPTTTSSGTYGAVAISPGYTATQSSIAWLGPRLASHGFVVITIDTNTTFDQPDSRARQLMAALNYLVNRSSVRSRIDSSRLAVMGHSMGGGGTLRAAEDNPSLKAAIPLTPWHTNKNWSSVRVPTLIIGAENDTIAPVSSHAKPFYNSLPSSTPKAYLELNGASHFAPNSSNTTIGKYSVSWLKRFVDNDTRYSQFLCPAPHDDSAISEYRSTCPY,AncG4_E27Q/A35V,IX - Recombinations,0.772,0.912,1.383,1.022333333,0.320094257,0.184806505,0.975448794,0.912,0.911731239,0.933060011,0.036710009,0.021194534,0.594
AANPYERGPDPTDASLEASSGPFSVSQTSVSRLSASGFGGGTIYYPTTTSSGTYGAVAISPGYTATQSSIAWLGPRLASHGFVVITIDTNTTFDQPDSRARQLMAALNYLVNRSSVRSRIDSSRLAVMGHSMGGGGTLRAAEDNPSLKAAIPLTPWHTNKNWSSVRVPTLIIGAENDTIAPVSSHAKPFYNSLPSSTPKAYLELNGASHFAPNSSNTTIGKYSVSWLKRFVDNDTRYSQFLCPAPHDDSAISEYRSTCPY,AncG4_E27Q/E13D,IX - Recombinations,0.078,0.099,0.152,0.109666667,0.038135723,0.02201767,0.098555707,0.099,0.100204735,0.099253481,0.000853236,0.000492616,0.377
AANPYERGPDPTDASLEASSGPFSVSQTSVSRLSVSGFGGGTIYYPTTTSSGTYGAVAISPGYTATQSSIAWLGPRLASHGFVVITIDTNTTFDQPDSRARQLMAALNYLVNRSSVRSRIDSSRLAVMGHSMGGGGTLRAAEDNPSLKAAIPLTPWHTNKNWSSVRVPTLIIGAENDTIAPVSSHAKPFYNSLPSSTPKAYLELNGASHFAPNSSNTTIGKYSVSWLKRFVDNDTRYSQFLCPAPHDDSAISEYRSTCPY,AncG4_E27Q/E13D/A35V,IX - Recombinations,0.765,1.72,1.402,1.295666667,0.486298605,0.280764631,0.966604051,1.72,0.924256831,1.203620294,0.447698919,0.258479092,0.453
AANPYERGPDPTDASLEASSGPFSVSQTSVSRLSASGFGGGTIYYPTTTSSGTYGAVAISPGYTATQSSIAWLGPRLASHGFVVITIDTNTTFDQPDSRARQLMAALNYLVNRSSVRSRIDSSRLAVMGHSMGGGGTLRAAEDNPSLKAAIPLTPWHTNKNWSSVRVPTLIIGAENDTIAPVSSHAKPFYNSLPASTPKAYLELNGASHFAPNSSNTTIGKYSVSWLKRFVDNDTRYSQFLCPAPHDDSAISEYRSTCPY,AncG4_E27Q/E13D/S195A,IX - Recombinations,0.672,0.748,2.925,1.448333333,1.2793953,0.738659221,0.849095324,0.748,1.928281904,1.175125743,0.654208085,0.377707214,0.699
AANPYERGPDPTDASLEASSGPFSVSQTSVSRLSVSGFGGGTIYYPTTTSSGTYGAVAISPGYTATQSSIAWLGPRLASHGFVVITIDTNTTFDQPDSRARQLMAALNYLVNRSSVRSRIDSSRLAVMGHSMGGGGTLRAAEDNPSLKAAIPLTPWHTNKNWSSVRVPTLIIGAENDTIAPVSSHAKPFYNSLPASTPKAYLELNGASHFAPNSSNTTIGKYSVSWLKRFVDNDTRYSQFLCPAPHDDSAISEYRSTCPY,AncG4_E27Q/E13D/S195A/A35V,IX - Recombinations,0.271,0.558,0.631,0.486666667,0.190305894,0.109873159,0.342417906,0.558,0.415981498,0.438799801,0.109587481,0.063270362,0.369
AANPYERGPDPTEASLEASSGPFSVSQTSVSRLSASGFGGGTIYYPTTTSSGTYGAVAISPGYTATQSSIAWLGPRLASHGFVVITIDTNTTLDQPDSRARQLMAALNYLVNRSSVRSRIDSSRLAVMGHSMGGGGTLRAAEDNPSLKAAIPLTPWHTNKNWSSVRVPTLIIGAENDTIAPVSSHAKPFYNSLPSSTPKAYLELNGASHFAPNSSNTTIGKYSVSWLKRFVDNDTRYSQFLCPAPHDDSAISEYRSTCPY,AncG4_E27Q/F93L,IX - Recombinations,0.596,1.127,1.544,1.089,0.475141032,0.274322803,0.753066686,1.127,1.017869149,0.965978611,0.19229145,0.11101952,0.461
AANPYERGPDPTEASLEASSGPFSVSQTSVSRLSASGFGGGTIYYPTTTSSGTYGAVAISPGYTATQSSIAWLGPRLASHGFVVITIDTNTTLDQPDSRARQLMAALNYLVNRSSVRSRIDSSRLAVMGHSMGGGGTLRAAEDNPSLKAAIPLTPWHTNKNWSSVRVPTLIIGAENDTIAPVSSHAKPFYNSLPSSTPKAYLELNGASHFAPNSSNTTIGKYSVSWLKRFVDNDTRYSQFLCPAPSDDSAISEYRSTCPY,AncG4_E27Q/F93L/H246S,IX - Recombinations,0.643,0.958,1.318,0.973,0.337749907,0.195,0.812452817,0.958,0.86888053,0.879777782,0.073382956,0.042367669,0.439
AANPYERGPDPTEASLEASSGPFSVSQTSVSRLSASGFGGGTIYYPTTTSSGTYGAVAISPGYTATQSSIAWLGPRLASHGFVVITIDTNTTFDQPDSRARQLMAALNYLVNRSSVRSRIDSSRLAVMGHSMGGGGTLRAAEDNPSLKAAIPLTPWHTNKNWSSVRVPTLIIGAENDTIAPVSSHAKPFYNSLPSSTPKAYLELNGASHFAPNSSNTTIGKYSVSWLKRFVDNDTRYSQFLCPAPSDDSAISEYRSTCPY,AncG4_E27Q/H246S,IX - Recombinations,0.399,0.654,0.645,0.566,0.144696234,0.08354041,0.504150348,0.654,0.425210881,0.527787077,0.116211602,0.0670948,0.386
AANPYERGPDPTEASLEASSGPFSVSQTSVSRLSASGFGGGTIYYPTTTSSGTYGAVAISPGYTATQSSIAWLGPRLASHGFVVITIDTNTTFDQPDSRARQLMAALNYLVNRSSVRSRIDSSRLAVMGHSMGGGGTLRAAEDNPSLKAAIPLTPWHTNKNWSSVRVPTLIIGAENDTIAPVSSHAKPFYNSLPASTPKAYLELNGASHFAPNSSNTTIGKYSVSWLKRFVDNDTRYSQFLCPAPHDDSAISEYRSTCPY,AncG4_E27Q/S195A,IX - Recombinations,0.926,1.076,1.53,1.177333333,0.314492183,0.181572147,1.170033139,1.076,1.008639765,1.084890968,0.081063199,0.04680186,0.48
AANPYERGPDPTEASLEASSGPFSVSQTSVSRLSVSGFGGGTIYYPTTTSSGTYGAVAISPGYTATQSSIAWLGPRLASHGFVVITIDTNTTFDQPDSRARQLMAALNYLVNRSSVRSRIDSSRLAVMGHSMGGGGTLRAAEDNPSLKAAIPLTPWHTNKNWSSVRVPTLIIGAENDTIAPVSSHAKPFYNSLPASTPKAYLELNGASHFAPNSSNTTIGKYSVSWLKRFVDNDTRYSQFLCPAPHDDSAISEYRSTCPY,AncG4_E27Q/S195A/A35V,IX - Recombinations,0.515,0.759,1.226,0.833333333,0.361281515,0.20858598,0.650720374,0.759,0.808230295,0.73931689,0.08057861,0.046522082,0.704
AANPYERGPDPTEASLEASSGPFSVSQTSVSRLSASGFGGGTIYYPTTTSAGTYGAVAISPGYTATQSSIAWLGPRLASHGFVVITIDTNTTFDQPDSRARQLMAALNYLVNRSSVRSRIDSSRLAVMGHSMGGGGTLRAAEDNPSLKAAIPLTPWHTNKNWSSVRVPTLIIGAENDTIAPVSSHAKPFYNSLPASTPKAYLELNGASHFAPNSSNTTIGKYSVSWLKRFVDNDTRYSQFLCPAPHDDSAISEYRSTCPY,AncG4_E27Q/S195A/S51A,IX - Recombinations,0.774,1.194,1.384,1.117333333,0.31214313,0.18021592,0.977975864,1.194,0.91239048,1.028122115,0.147349806,0.08507245,0.398
AANPYERGPDPTEASLEASSGPFSVSQTSVSRLSASGFGGGTIYYPTTTSAGTYGAVAISPGYTATQSSIAWLGPRLASHGFVVITIDTNTTFDQPDSRARQLMAALNYLVNRSSVRSRIDSSRLAVMGHSMGGGGTLRAAEDNPSLKAAIPLTPWHTNKNWSSVRVPTLIIGAENDTIAPVSSHAKPFYNSLPASTPKAYLELNGASHFAPNSSNTTIGKYSVSWLKRFVDNDTRYSQFLCPAPSDDSAISEYRSTCPY,AncG4_E27Q/S195A/S51A/H246S,IX - Recombinations,0.361,0.65,1.186,0.732333333,0.418617168,0.241688735,0.456136029,0.65,0.781860628,0.629332219,0.163842902,0.094594743,0.649
AANPYERGPDPTEASLEASSGPFSVSQTSVSRLSASGFGGGTIYYPTTTSAGTYGAVAISPGYTATQSSIAWLGPRLASHGFVVITIDTNTTFDQPDSRARQLMAALNYLVNRSSVRSRIDSSRLAVMGHSMGGGGTLRAAEDNPSLKAAIPLTPWHTNKNWSSVRVPTLIIGAENDTIAPVSSHAKPFYNSLPSSTPKAYLELNGASHFAPNSSNTTIGKYSVSWLKRFVDNDTRYSQFLCPAPHDDSAISEYRSTCPY,AncG4_E27Q/S51A,IX - Recombinations,0.51,0.636,0.893,0.679666667,0.19519819,0.112697728,0.644402701,0.636,0.588702817,0.623035173,0.030028059,0.017336708,0.375
AANPYERGPDPTEASLEASSGPFSVSQTSVSRLSASGFGGGTIYYPTTTSAGTYGAVAISPGYTATQSSIAWLGPRLASHGFVVITIDTNTTLDQPDSRARQLMAALNYLVNRSSVRSRIDSSRLAVMGHSMGGGGTLRAAEDNPSLKAAIPLTPWHTNKNWSSVRVPTLIIGAENDTIAPVSSHAKPFYNSLPSSTPKAYLELNGASHFAPNSSNTTIGKYSVSWLKRFVDNDTRYSQFLCPAPHDDSAISEYRSTCPY,AncG4_E27Q/S51A/F93L,IX - Recombinations,0.221,0.224,0.288,0.244333333,0.03784618,0.021850502,0.27924117,0.224,0.189861603,0.231034258,0.045103075,0.026040272,0.376
AANPYERGPDPTEASLEASSGPFSVSQTSVSRLSASGFGGGTIYYPTTTSAGTYGAVAISPGYTATQSSIAWLGPRLASHGFVVITIDTNTTLDQPDSRARQLMAALNYLVNRSSVRSRIDSSRLAVMGHSMGGGGTLRAAEDNPSLKAAIPLTPWHTNKNWSSVRVPTLIIGAENDTIAPVSSHAKPFYNSLPSSTPKAYLELNGASHFAPNSSNTTIGKYSVSWLKRFVDNDTRYSQFLCPAPSDDSAISEYRSTCPY,AncG4_E27Q/S51A/F93L/H246S,IX - Recombinations,0,-0.001,0.003,0.000666667,0.002081666,0.00120185,0,-0.001,0.001977725,0.000325908,0.001515379,0.000874905,0.358
AANPYERGPDPTEASLEASSGPFSVSQTSVSRLSASGFGGGTIYYPTTTSAGTYGAVAISPGYTATQSSIAWLGPRLASHGFVVITIDTNTTFDQPDSRARQLMAALNYLVNRSSVRSRIDSSRLAVMGHSMGGGGTLRAAEDNPSLKAAIPLTPWHTNKNWSSVRVPTLIIGAENDTIAPVSSHAKPFYNSLPSSTPKAYLELNGASHFAPNSSNTTIGKYSVSWLKRFVDNDTRYSQFLCPAPSDDSAISEYRSTCPY,AncG4_E27Q/S51A/H246S,IX - Recombinations,0.264,0.233,0.591,0.362666667,0.198349019,0.11451686,0.333573163,0.233,0.389611831,0.318728331,0.079354226,0.045815184,0.376
AANPYERGPDPTDASLEASSGPFSVSETSVSRLSVSGFGGGTIYYPTTTSSGTYGAVAISPGYTATQSSIAWLGPRLASHGFVVITIDTNTTFDQPDSRARQLMAALNYLVNRSSVRSRIDSSRLAVMGHSMGGGGTLRAAEDNPSLKAAIPLTPWHTNKNWSSVRVPTLIIGAENDTIAPVSSHAKPFYNSLPASTPKAYLELNGASHFAPNSSNTTIGKYSVSWLKRFVDNDTRYSQFLCPAPHDDSAISEYRSTCPY,AncG4_S195A/A35V/E13D,IX - Recombinations,0.681,0.756,1.192,0.876333333,0.275935379,0.159311365,0.860467136,0.756,0.785816078,0.800761071,0.053813198,0.031069064,0.754
AANPYERGPDPTEASLEASSGPFSVSETSVSRLSASGFGGGTIYYPTTTSAGTYGAVAISPGYTATQSSIAWLGPRLASHGFVVITIDTNTTFDQPDSRARQLMAALNYLVNRSSVRSRIDSSRLAVMGHSMGGGGTLRAAEDNPSLKAAIPLTPWHTNKNWSSVRVPTLIIGAENDTIAPVSSHAKPFYNSLPASTPKAYLELNGASHFAPNSSNTTIGKYSVSWLKRFVDNDTRYSQFLCPAPSDDSAISEYRSTCPY,AncG4_S195A/S51A/H246S,IX - Recombinations,0.372,0.543,1.784,0.899666667,0.770612959,0.444913599,0.470034911,0.543,1.176087151,0.729707354,0.38829392,0.224181599,0.669
AANPYERGPDPTEASLEASSGPFSVSETSVSRLSASGFGGGTIYYPTTTSAGTYGAVAISPGYTATQSSIAWLGPRLASHGFVVITIDTNTTLDQPDSRARQLMAALNYLVNRSSVRSRIDSSRLAVMGHSMGGGGTLRAAEDNPSLKAAIPLTPWHTNKNWSSVRVPTLIIGAENDTIAPVSSHAKPFYNSLPSSTPKAYLELNGASHFAPNSSNTTIGKYSVSWLKRFVDNDTRYSQFLCPAPSDDSAISEYRSTCPY,AncG4_S51A/F93L/H246S,IX - Recombinations,0.685,0.874,1.386,0.981666667,0.36269041,0.209399406,0.865521275,0.874,0.913708964,0.88441008,0.025725292,0.014852504,0.423
MANPYERGPNPTESMLEARSGPFSVSEERASRFGADGFGGGTIYYPRENNTYGAIAISPGYTGTQSSIAWLGERIASHGFVVIAIDTNTTLDQPDSRARQLNAALDYMLTDASSAVRNRIDASRLAVMGHSMGGGGTLRLASQRPDLKAAIPLTPWHLNKSWRDITVPTLIIGAEYDTIASVTLHSKPFYNSIPSPTDKAYLELDGASHFAPNITNKTIGMYSVAWLKRFVDEDTRYTQFLCPGPRTGLLSDVEEYRSTCPF,Est2_WT_F7IX06,"I - Extants, Designs, ICCG",0.017,0.014,0.012,0.014333333,0.002516611,0.001452966,0.02148009,0.014,0.0079109,0.014463663,0.006796467,0.003923942,0.388
MADNPYERGPAPTVSSIEALRGPFAVSETSVSSLVGGFGGGTIYYPTSTTSGTFGAVAVSPGYTGTQSSISWLGPRLASQGFVVFTIDTNTIYDQPDSRASQLLAALDYLTQQSSVRSRIDATRLGVMGHSMGGGGTLRAASQRPTLQAAIPLTAWHTTKNWSSVRVPTLVVGAEDDSIAPVATHSEPFYTTLPSTLDKAYLELNNATHFAPNSNNTTIAKYSISWLKRFIDNDTRYEQFLCPAPGRSTLIEEYRDTCPHS,LCC_A0A0N0A0T6,"I - Extants, Designs, ICCG",0.014,0.001,0.001,0.005333333,0.007505553,0.004333333,0.017689486,0.001,0.000659242,0.006449576,0.009735539,0.005620816,0.375
MADNPYERGPAPTEASIEALRGPYSVADTSVSRLGVSGFGGGTIYYPTSTSEGTFGAVVVAPGFTAYQSSMAWLGPRLASQGFVVFTIDTNTTLDQPDSRGRQLLAALDYLTERSSVRGRIDSSRLGVMGHSMGGGGTLEAAKSRPSLQAAIPLTPWNLDKTWPEVSTPTLIVGADGDTVAPVLTHAEPFYSSLPSSTDRAYLELNNATHFSPNTSNTTIAKYSISWLKRFIDNDTRYEQFLCPLPRPSLTIEEYRGNCPHGS,LCC_A0A0N0TYH4,"I - Extants, Designs, ICCG",0.002,0,0.003,0.001666667,0.001527525,0.000881917,0.002527069,0,0.001977725,0.001501598,0.001329113,0.000767364,0.367
MADNPYERGPAPTNSSIEASRGPFAVSETSVSSLVSGFGGGTIYYPTSTSAGTFGAVAISPGYTGTQSSISWLGPRLASQGFVIFTIDTNSRYDQPDSRASQLLAALDYLTQQSSVRSRIDSSRLGVMGHSMGGGGTLRAASQRPALQAAIPLTAWHTTKNWSSVRVPTLVVGAENDSVASVSAHSEPFYTSLPSTLDKAYLELNNASHFAPNSSNTTIAKYSISWLKRFIDNDTRYEQFLCPAPGRSTLIEEYRDTCPHS,LCC_A0A1G8QY37,"I - Extants, Designs, ICCG",0.002,0,0.016,0.006,0.008717798,0.005033223,0.002527069,0,0.010547867,0.004358312,0.005507219,0.003179594,0.359
MAENPYERGPAPTVSSIEATRGPFAVSETSVSSLVSGFGGGTIYYPTSTASGTFGAVAISPGYTGTQSTISWLGPRIASQGFVVFTIDTNSIYDQPDSRASQLLAALDYLTQQSSVRTRIDATRLGVMGHSMGGGGTLRAASQRPALQAAIPLTGWHTTKNWSSVRVPTLVVGAEDDSIAPVSSHSEPFYTSLPSTLDKAYLELNNASHFAPNSSNTTIAKYSISWLKRFIDNDTRYEQFLCPAPGRSTLIEEYRDTCPHS,LCC_A0A1H9JU42,"I - Extants, Designs, ICCG",0.002,0.002,0.001,0.001666667,0.00057735,0.000333333,0.002527069,0.002,0.000659242,0.00172877,0.000963,0.000555988,0.373
MQSNPYQRGPNPTRSALTTDGPFSVATYSVSRLSVSGFGGGVIYYPTGTTLTFGGIAMSPGYTADASSLAWLGRRLASHGFVVIVINTNSRLDFPDSRASQLSAALNYLRTSSPSAVRARLDANRLAVAGHSMGGGATLRISEQIPTLKAGVPLTPWHTDKTFNTPVPQLIVGAEADTVAPVSQHAIPFYQNLPSTTPKVYVELDNATHFAPNSPNAAISVYTISWMKLWVDNDTRYRQFLCNVNDPALSDFRSNNRHCQ,LCC_A0A2H5Z9R5,"I - Extants, Designs, ICCG",0.369,0.493,0.776,0.546,0.20861208,0.120442241,0.466244307,0.493,0.511571541,0.490271949,0.022786426,0.013155749,0.39
MAENPYERGPAPTNSSIEASRGSFAVSETSVSSLSVTGFGGGTIYYPTSTSAGTFGAIAVSPGYTGTQSSISWLGPRIASQGFVVFTIDTITTLDQPDSRASQLLAALDYLTQRSAVRARIDATRLGVMGHSMGGGGTLRAAANRPALQAAIPLTGWHTDKTWGDVRVPTLVVGADGDTIAPVATHSKPFYNSLPSSLDRAYLELRGATHFTPNSSNTTIAKYSISWLKRFIDNDTRYEQFLCPTPSSSLLIAEFRGNCPHSS,LCC_A0A2T0T7X1,"I - Extants, Designs, ICCG",0.008,0.004,0.003,0.005,0.002645751,0.001527525,0.010108278,0.004,0.001977725,0.005362001,0.004232937,0.002443887,0.373
MANPYERGPNPTESMLEARSGPFSVSEERASRLGADGFGGGTIYYPRENNTYGAIAISPGYTGTQSSIAWLGERIASHGFVVIAIDTNTTLDQPDSRARQLNAALDYMLTDASSSVRNRIDASRLAVMGHSMGGGGTLRLASQRPDLKAAIPLTPWHLNKSWRDITVPTLIIGADLDTIAPVSSHSEPFYNSIPSSTDKAYLELNNATHFAPNITNKTIGMYSVAWLKRFVDEDTRYTQFLCPGPRTGLLSDVDEYRSTCPF,LCC_D4Q9N1,"I - Extants, Designs, ICCG",0.169,0.132,0.045,0.115333333,0.06365794,0.036752929,0.213537366,0.132,0.029665875,0.125067747,0.092131554,0.053192178,1.124
MAANPYERGPNPTDALLEARSGPFSVSEENVSRLSASGFGGGTIYYPRESNTYGAVAISPGYTGTEASIAWLGERIASHGFVVITIDTITTLDQPDSRAEQLNAALNHMINRASSTVRSRIDSSRLAVMGHSMGGGGTLRLASQRPDLKAAIPLTPWHLNKNWSSVTVPTLIIGADLDTIAPVATHAKPFYNSLPSSISKAYLELDGATHFAPNIPNKIIGKYSVAWLKWFVDNDTRYTQFLCPGPRDGLFGEVEEYRSTCPF,LCC_E0Z5H1,"I - Extants, Designs, ICCG",0.046,0.125,0.114,0.095,0.042790186,0.024704925,0.058122597,0.125,0.075153551,0.086092049,0.034754638,0.020065599,1.077
MQSNPYQRGPNPTRSALTADGPFSVATYTVSRLSVSGFGGGVIYYPTGTSLTFGGIAMSPGYTADASSLAWLGRRLASHGFVVLVINTNSRFDGPDSRASQLSAALNYLRTSSPSAVRARLDANRLAVAGHSMGGGGTLRIAEQNPSLKAAVPLTPWHTDKTFNTSVPVLIVGAEADTVAPVSQHAIPFYQNLPSTTPKVYVELCNASHIAPNSNNAAISVYTISWMKLWVDNDTRYRQFLCNVNDPALCDFRTNNRHCQ,LCC_ICCG,"I - Extants, Designs, ICCG",0.33,0.542,0.997,0.623,0.340797594,0.196759583,0.416966454,0.542,0.657263952,0.538743468,0.120181844,0.06938702,0.424
MQSNPYQRGPNPTRSALTADGPFSVATYTVSRLSVSGFGGGVIYYPTGTSLTFGGIAMSPGYTADASSLAWLGRRLASHGFVVLVINTNSRFDYPDSRASQLSAALNYLRTSSPSAVRARLDANRLAVAGHSMGGGGTLRIAEQNPSLKAAVPLTPWHTDKTFNTSVPVLIVGAEADTVAPVSQHAIPFYQNLPSTTPKVYVELDNASHFAPNSNNAAISVYTISWMKLWVDNDTRYRQFLCNVNDPALSDFRTNNRHCQ,LCC_WT_G9BY57,"I - Extants, Designs, ICCG",0.231,0.358,0.582,0.390333333,0.177719817,0.102606584,0.291876517,0.358,0.383678656,0.344518391,0.04736268,0.027344856,0.401
MANPYERGPNPTQALLEARSGPFSVSSERAWRLGSDGFGGGTIYYPRENNTYGAVAISPGYTGTQASVAWLGERIASHGFVVITIDTNTTLDQPDSRARQLDAALDHMLNDASSAVRSRIDRNRLAVMGHSMGGGGTLRLASQRPDLKAAIPLTPWHLNKSWSNVQVPTLIIGADLDTIAPVLTHAEPFYNSIPTSTRKAYLELDGATHFAPNITNSTIGMYSVAWLKRFVDEDTRYTQFLCPGPRTGLFSDVEEYRSTCPF,Tfcut2_A0A147KJY8,"I - Extants, Designs, ICCG",0.082,0.071,0.066,0.073,0.008185353,0.004725816,0.103609846,0.071,0.043509951,0.072706599,0.030086271,0.017370317,0.743
MDNPYERGPAPTNSSIEATRGPFAVSDTRVSSLVSGFGGGTIYYPTSTSSGTFGAVVISPGFTGTQSSIDWLGPRIASQGFVVFTIDTITIYDQPDSRASQLLAALDYLTQRSDVRSRIDASRLGVMGHSMGGGGTLRAAAQRPSLQAAIPLTGWHTTKNWSSVSVPTLVIGAESDSVAPVATHSEPFYTSLPSTLDKAYLELNNASHFAPNLPDTTIAKYSISWLKRFIDNDTRYEQFLCPGPGRSTQVEEYRNTCPNS,Tfcut2_A0A1G7NQR7,"I - Extants, Designs, ICCG",0.001,-0.002,0.002,0.000333333,0.002081666,0.00120185,0.001263535,-0.002,0.001318483,0.000194006,0.001900264,0.001097118,0.363
MANPYERGPNPTDALLEARSGPFSVSEENVSRLGASGFGGGTIYYPRENNTYGAVAISPGYTGTQASVAWLGKRIASHGFVVITIDTITTLDQPDSRARQLNAALDYMINDASSAVRSRIDSSRLAVMGHSMGGGGSLRLASQRPDLKAAIPLTPWHLNKNWSSVRVPTLIIGADLDTIAPVLTHARPFYNSLPTSISKAYLELDGATHFAPNIPNKIIGKYSVAWLKRFVDNDTRYTQFLCPGPRDGLFGEVEEYRSTCPF,Tfcut2_E5BBQ2,"I - Extants, Designs, ICCG",0.06,0.122,0.304,0.162,0.126822711,0.073221126,0.075812082,0.122,0.20040947,0.132740517,0.062989255,0.036366863,0.583
MANPYERGPNPTDALLEASSGPFSVSEENVSRLSASGFGGGTIYYPRENNTYGAVAISPGYTGTEASIAWLGGRIASHGFVVITIDTITTLDQPDSRAEQLNAALNHMINRASSTVRSRIDSSRLAVMGHSMGGGGTPRLASQRPDLKAAIPLTPWHLNKNRSSVTVPTLIIGADLDTIAPVATHAKPFYNSLPSSISKAYLELDGATHFAPNIPNKIIGKYSVAWLKRFVDNDTRYTQFLCPGPRDGLFGEVEEYCSTCPF,Tfcut2_E9LVH7,"I - Extants, Designs, ICCG",-0.002,0.001,0,-0.000333333,0.001527525,0.000881917,-0.002527069,0.001,0,-0.000509023,0.001817796,0.001049505,0.365
MANPYERGPNPTDALLEARSGPFSVSEERASRFGADGFGGGTIYYPRENNTYGAVAISPGYTGTQASVAWLGERIASHGFVVITIDTNTTLDQPDSRARQLNAALDYMINDASSAVRSRIDSSRLAVMGHSMGGGGTLRLASQRPDLKAAIPLTPWHLNKNWSSVRVPTLIIGADLDTIAPVLTHARPFYNSLPTSISKAYLELDGATHFAPNIPNKIIGKYSVAWLKRFVDNDTRYTQFLCPGPRDGLFGEVEEYRSTCPF,Tfcut2_E9LVH9,"I - Extants, Designs, ICCG",0.053,0.068,0.191,0.104,0.075716577,0.043714986,0.06696734,0.068,0.12591516,0.086960833,0.033739388,0.019479445,1.331
MANPYERGPNPTDALLEARSGPFSVSEENVSRLSASGFGGGTIYYPRENNTYGAVAISPGYTGTEASIAWLGERIASHGFVVITIDTITTLDQPDSRAEQLNAALNHMINRASSTVRSRIDSSRLAVMGHSMGGGGSLRLASQRPDLKAAIPLTPWHLNKNWSSVRVPTLIIGADLDTIAPVLTHARPFYNSLPTSISKAYLELDGATHFAPNIPNKIIGKYSVAWLKRFVDNDTRYTQFLCPGPRDGLFGEVEEYRSTCPF,Tfcut2_E9LVI0,"I - Extants, Designs, ICCG",0.042,0.091,0.131,0.088,0.044575778,0.025735837,0.053068458,0.091,0.08636066,0.076809706,0.020690965,0.011945934,0.864
MANPYERGPNPTDALLEASSGPFSVSEENVSRLSASGFGGGTIYYPRENNTYGAVAISPGYTGTEASIAWLGERIASHGFVVITIDTITTLDQPDSRAEQLNAALNHMINRASSTVRSRIDSSRLAVMGHSMGGGGTLRLASQRPDLKAAIPLTPWHLNKNWSSVTVPTLIIGADLDTIAPVATHAKPFYNSLPSSISKAYLELDGATHFAPNIPNKIIGKYSVAWLKRFVDNDTRYTQFLCPGPRDGLFGEVEEYRSTCPF,Tfcut2_Q47RJ6,"I - Extants, Designs, ICCG",-0.001,-0.003,0.005,0.000333333,0.004163332,0.002403701,-0.001263535,-0.003,0.003296208,-0.000322442,0.003251892,0.001877481,0.356
MANPYERGPNPTDALLEARSGPFSVSEERASRFGADGFGGGTIYYPRENNTYGAVAISPGYTGTQASVAWLGERIASHGFVVITIDTNTTLDQPDSRARQLNAALDYMINDASSAVRSRIDSSRLAVMGHSMGGGGTLRLASQRPDLKAAIPLTPWHLNKNWSSVRVPTLIIGADLDTIAPVLTHARPFYNSLPTSISKAYLELDGATHFAPNIPNKIIGKYSVAWLKRFVDNDTRYTQFLCPGPRDGLFGEVEEYRSTCPF,Tfcut2_Q47RJ7,"I - Extants, Designs, ICCG",0.046,0.272,0.12,0.125,0.090182038,0.052066624,0.058122597,0.272,0.079109001,0.136410533,0.117891836,0.068064883,1.069
ANPYERGPNPTDALLEARSGPFSVSEENVSRLSASGFGGGTIYYPRENNTYGAVAISPGYTGTEASIAWLGERIASHGFVVITIDTITTLDQPDSRAEQLNAALNHMINRASSTVRSRIDSSRLAVMGHSMGGGGSLRLASQRPDLKAAIPLTPWHLNKNWSSVTVPTLIIGADLDTIAPVATHAKPFYNSLPSSISKAYLELDGATHFAPNIPNKIIGKYSVAWLKRFVDNDTRYTQFLCPGPRDGLFGEVEEYRSTCPF,Tfcut2_WT_E5BBQ3,"I - Extants, Designs, ICCG",0.037,0.05,0.065,0.050666667,0.0140119,0.008089774,0.046750784,0.05,0.042850709,0.046533831,0.00357958,0.002066671,0.811
AANPYERGPDPTEASLEASSGPFSVSETSVSRLSASGFGGGTIYYPTTTSSGTYGAVAISPGYTATQSSIAWLGPRLASHGFVVITIDTNTTFDQPDSRARQLMAALNYLVNRSSVRSRIDSSRLAVMGHSMGGGGTLRAAEDNPSLKAAIPLTPWHTNKNWSSVRVPTLIIGAENDTIAPVSSHAKPFYNSLPSSTPKAYLELCGASHFAPNSSNTTIGKYSVSWLKRFVDNDTRYSQFLCPAPHDDSAICEYRSTCPY,55_547_N205C/S252C,N205C/S252C,0.919,0.882,2.464,0.9005,0.026162951,0.015105187,1.161188396,0.882,1.624371491,1.222519962,0.374966703,0.216487127,0.57